SMILES,NLL,Tanimoto
COc1ccc(C(=O)N(C)c2nc(-n3cc(-c4ccc(OC)c(OC)c4)nn3)ccc2OC)cc1OC,15.1200,0.6108
CNS(=O)(=O)c1ccccc1-c1ccc(NC(=O)c2ccc(OC)c(OC)c2)cc1,7.1200,0.5172
COc1ccc(S(=O)(=O)Nc2cccn(CC(=O)Nc3cc(OC)cc(OC)c3)c2=O)cc1,13.9400,0.4404
COc1cccc(NS(=O)(=O)c2ccc(OC)c(NC(=O)c3ccc(OC)c(OC)c3)c2)c1,10.6600,0.4274
COc1ccc(S(=O)(=O)Nc2ccc(OC)c(NC(=O)c3cc(OC)ccc3OC)c2)cc1,7.3400,0.4396
COC(=O)c1cc(-c2ccc(OC)c(OC)c2)oc1NC(=O)c1cc(OC)c(OC)c(OC)c1,8.3900,0.5195
COc1ccc(OC)c(S(=O)(=O)Nc2c(C(=O)Nc3cc(OC)c(OC)c(OC)c3)cccc2N2CCOCC2)c1,13.4300,0.5639
COc1ccc(C(=O)Nc2ccccc2N2CCOCC2)cc1NC(=O)c1cc(OC)c(OC)c(OC)c1,13.2000,0.4331
COc1cc(OC)cc(N(C)S(=O)(=O)c2ccc(NC(=O)c3ccccc3OC)cc2)c1,13.2800,0.4318
COC(=O)C(C#N)=Cc1ccc(OC)c(NC(=O)c2ccc(OC)c(NC(=O)c3cc(OC)c(OC)c(OC)c3)c2)c1,25.7800,0.4255
COc1ccc(S(=O)(=O)Nc2cccc(OC)c2NS(=O)(=O)c2cc(OC)ccc2OC)cc1,5.4500,0.4323
COc1ccc(-c2ccc(OC)c(S(=O)(=O)C(C)c3ncc(C(C)=O)s3)c2)cc1OC,24.1100,0.5079
COc1ccc(C(=O)NS(=O)(=O)c2cc(-c3ccc(OC)c(OC)c3)ccc2OC)cc1OC,5.0100,0.4521
COc1cc(S(=O)(=O)Nc2ccc(OC)c(OC)c2)ccc1NC(=O)c1cc(OC)c(OC)c(OC)c1,6.8800,0.4418
COc1cc(NS(=O)(=O)c2ccc(NC(=O)c3ccc(OC)c(OC)c3)c(OC)c2)cc(OC)c1,4.6000,0.4282
COc1cccc(NS(=O)(=O)c2ccc(OC)c(NC(=O)c3cc(OC)c(OC)c(OC)c3)c2)c1,8.0200,0.4377
COc1ccc(OC(=O)c2cc(OC)ccc2OC)c(NS(=O)(=O)c2ccc(OC)cc2OC)c1,9.8400,0.4706
COc1ccc(S(=O)(=O)NC(=O)c2ccc(OCC(=O)Nc3cc(OC)cc(OC)c3)c(OC)c2)cc1,7.2500,0.4193
COc1ccc(S(=O)(=O)Nc2ccc(OC(=O)c3cc(OC)c(OC)c(OC)c3)c(OC)c2)cc1,6.2200,0.3878
COc1ccc(NC(=O)c2cccc(OC)c2NC(=O)c2ccc(OC)c(OC)c2)cc1OC,6.4100,0.4226
COc1ccc(S(=O)(=O)NC(=O)c2ccc(OC)c(NC(=O)c3ccc(OC)c(OC)c3)c2)cc1,7.1500,0.4382
COc1ccc(N(C)C(=O)c2cc(OC)c(OC)c(OC)c2)c(-c2ccc(OC)c(OC)c2)c1,15.9100,0.4611
COc1cc(CC(=O)NS(=O)(=O)c2cc(-c3ccc(OC)c(OC)c3)ccc2OC)cc(OC)c1,7.6400,0.4681
COc1cc(OC)cc(C(=O)Nc2c(OC)cccc2C(=O)Nc2ccc(OC)c(OC)c2)c1,8.0300,0.4274
COc1ccc(C(=O)Nc2cc(S(=O)(=O)Nc3ccccc3OC)ccc2OC)cc1,9.7400,0.3906
COc1ccc(-c2noc(-c3ccc(OC)c(OC)c3)n2)cc1NC(=O)c1cnc(OC)c(OC)c1,10.0600,0.5475
COc1ccc(C(=O)Nc2c(OC)cccc2N(C)c2nc(-c3ccc(OC)c(OC)c3)ccc2OC)cc1OC,19.2400,0.5865
COc1ccc(NC(=O)c2ccc(OC)c(NC(=O)c3ccc(OC)c(OC)c3)c2OC)cc1OC,7.0900,0.4497
COc1ccc(S(=O)(=O)Nc2ccc(OC)c(NC(=O)c3cc(OC)cc(OC)c3)c2)cc1,4.7800,0.3987
COc1ccccc1NC(=O)CN(C(=O)c1cc(OC)c(OC)c(OC)c1)c1ccc(OC)c(OC)c1,7.2200,0.4785
COc1ccc(OC)c(C(=O)Nc2cc(C(=O)Nc3ccc(OC)c(OC)c3)ccc2OC)c1,8.7100,0.4551
COc1ccc(S(=O)(=O)Nc2cc(OC)ccc2NS(=O)(=O)c2cc(OC)c(OC)cc2OC)cc1,6.6400,0.4441
COc1cccc(NS(=O)(=O)c2ccc(OC)c(NC(=O)c3cc(OC)cc(OC)c3)c2)c1,8.0100,0.4109
CNS(=O)(=O)c1ccccc1-c1ccc(NC(=O)c2ccc(OC)c(OC)c2)c(F)c1,9.9700,0.5147
COc1ccc(NS(=O)(=O)c2ccc(OC)c(NC(=O)c3ccc(OC)c(OC)c3)c2)cc1,6.8600,0.4196
COc1cc(OC)cc(C(=O)Oc2ccc(OC)cc2NS(=O)(=O)c2cc(OC)cc(OC)c2)c1,8.5400,0.4024
COc1cc(NS(=O)(=O)c2ccc(NC(=O)c3cc(OC)c(OC)c(OC)c3)c(OC)c2)cc(OC)c1,4.5600,0.4317
COc1cc(NS(=O)(=O)c2ccc(NC(=O)c3cc(OC)cc(OC)c3)c(OC)c2)cc(OC)c1,5.0400,0.4125
COc1ccc(S(=O)(=O)Nc2ccc(OC)c(NC(=O)c3ccc(OC)c(OC)c3)c2)cc1,4.3300,0.4119
COc1ccc(S(=O)(=O)Nc2ccc(OC)c(OC)c2)cc1NC(=O)c1cc(OC)c(OC)c(OC)c1,5.8100,0.4475
COc1ccc(C(=O)OC(=O)Cc2cc(OC)c(OC)cc2OC(=O)c2ccc(OC)c(OC)c2)cc1OC,18.2200,0.3977
CC1(C(=O)Nc2ccc(-c3nc(C(=O)NCc4ccccn4)c(S(C)(=O)=O)s3)cc2F)COC1,28.7900,0.5607
COc1ccc(-c2ccc(OC)c(S(=O)(=O)NC(=O)c3ccccc3OC)c2)cc1OC,5.9200,0.4554
COc1ccc(-c2nc3c(N)cc(N(C)C(=O)Cc4ccccn4)cn3n2)cc1OC,27.4600,0.5406
CNS(=O)(=O)c1ccccc1-c1ccc(NC(=O)c2cccc(OC(F)F)c2)c(F)c1,12.5400,0.5137
COc1ccc(OC)c(C(=O)N(C)c2ncc(-c3ccc(OC)c(OC)c3)cc2OC)c1,9.8300,0.5684
COc1cc(NS(=O)(=O)Cc2ccccc2Cl)ccc1NC(=O)c1ccc(OC)c(OC)c1,15.6800,0.4168
COc1ccc(OC)c(NC(=O)c2cc(OC)ccc2NS(=O)(=O)c2cc(OC)ccc2OC)c1,8.9000,0.4956
COc1ccc(S(=O)(=O)NC(C(=O)Nc2ccccc2C)c2cc(OC)ccc2OC)cc1,15.3500,0.4911
COc1ccc(NC(=O)c2cc(O)n(-c3cc(OC)c(OC)cc3OC)c2)cc1OC,11.5200,0.4668
COc1cc(S(=O)(=O)Nc2cc(OC)c(OC)c(OC)c2)ccc1NC(=O)c1cccnc1,10.4900,0.4431
COc1ccc(S(N)(=O)=O)cc1NC(=O)c1cc(OC)c(OC)c(OC)c1OC,16.6700,0.4559
COc1ccc(OC)c(S(=O)(=O)Nc2c(OC)cccc2C(=O)Nc2ccc(OC)c(OC)c2)c1,6.5800,0.5114
COc1ccc(OC)c(NS(=O)(=O)c2ccc(OC)c(NC(=O)c3cc(OC)c(OC)c(OC)c3)c2)c1,8.5300,0.4625
COc1cc(S(=O)(=O)Nc2ccccc2OC)ccc1NC(=O)Cc1cccs1,8.9900,0.4112
COc1ccc(C(=O)Nc2c(NS(=O)(=O)c3cc(-c4ccc(S(C)(=O)=O)cc4)ccc3OC)cccc2OC)cc1OC,19.9800,0.5441
COc1ccc(N(C)C(=O)c2ccc(OC)c(OC)c2)c(C(=O)Nc2ccc(OC)c(OC)c2)c1,10.1000,0.4444
COc1ccc(-c2ccc(OC)c(S(=O)(=O)NC(=O)Cc3cccnc3)c2)cc1OC,7.8800,0.4339
COc1ccc(OC)c(NS(=O)(=O)c2cc(-c3ccc(OC)c(OC)c3)ccc2OC)c1,5.8800,0.4162
COc1ccc(S(=O)(=O)Nc2cc(OC)ccc2OC(=O)c2cc(OC)ccc2OC)cc1,5.3200,0.4147
CNC(=O)c1cc(-c2ccc(NC(C)=O)c(OC)c2)n(S(=O)(=O)c2ccc(C(=O)OC)cc2)c1,18.5200,0.5703
COc1ccc(NS(=O)(=O)c2ccc(OC)c(NC(=O)c3cc(OC)cc(OC)c3)c2)cc1,11.6200,0.4001
COc1ccc(S(=O)(=O)Nc2cc(S(=O)(=O)Nc3ccccc3OC)ccc2OC)cc1,7.6300,0.3182
COc1cc(NS(=O)(=O)c2ccc(OC)c(NC(=O)c3cc(OC)c(OC)c(OC)c3)c2)cc(OC)c1,7.5200,0.4383
COc1cc(S(=O)(=O)Nc2ccccc2OC)ccc1NC(=O)c1ccc(OC)c(OC)c1,5.5400,0.4242
CCc1ccccc1NC(=O)CN(C(=O)c1cc(OC)ccc1OC)c1cc(OC)c(OC)cc1OC,11.9000,0.5558
COc1ccc(NC(=O)c2cc(NC(=O)c3cnn(-c4ccc(OC)c(OC)c4)c3C)ccc2OC)cc1OC,25.1400,0.5557
COc1cccc(C(=O)N(C)c2cccc(NC(=O)c3cc(OC)c(OC)c(OC)c3)c2)c1,17.4100,0.3854
COC(=O)c1ccc(S(=O)(=O)NCCN(C)C)c(-c2ccc(NC(=O)c3ccc(OC)c(OC)c3)c(F)c2)c1,13.5700,0.5398
COc1ccc(NC(=O)c2cc(OC)c(OC)c(OC)c2)cc1-c1ccc(NC(C)=O)cc1,9.2200,0.4232
COc1ccc(-c2ccc(OC)c(S(=O)(=O)NC(=O)c3occ(OC)c3OC)c2)cc1OC,10.7100,0.5146
COc1ccc(-c2ccc(OC)c(S(=O)(=O)NC(=O)c3ccccc3OC)c2)c(OC)c1,10.7200,0.4710
COc1ccc(OC)c(CC(=O)Nc2ccc(S(=O)(=O)Nc3ccccc3OC)c(OC)c2)c1,12.0100,0.4668
COc1ccc(OC)c(CC(=O)Nc2nnc(-c3ccc(OC)c(OC)c3)cc2OC)c1,15.3200,0.4807
CCc1ccccc1NC(=O)COc1ccc(C(=O)NS(=O)(=O)c2ccc(OC)cc2)cc1OC,10.6200,0.4296
COc1ccc(S(=O)(=O)Nc2ccc(NC(=O)c3ccc(OC)c(OC)c3)cc2)cc1,13.8300,0.3739
COc1cc(OC)cc(C(=O)N(C)c2nc(-c3ccc(NC(=O)c4cnco4)c(OC)c3)ccc2OC)c1,11.5300,0.5752
COc1cc(OC)cc(C(=O)N(CC(=O)Nc2ccccc2OC)c2cc(OC)ccc2OC)c1,8.0800,0.4740
COc1ccc(S(=O)(=O)Nc2cc(OC)ccc2NS(=O)(=O)c2cc(OC)ccc2OC)cc1,4.6500,0.4399
COc1ccc(S(=O)(=O)Nc2ccc(OC(=O)c3ccc(OC)c(OC)c3)c(OC)c2)cc1,5.1800,0.3749
COc1ccc(S(=O)(=O)N(Cc2ccncc2)Cc2nc(-c3ccccc3OC)no2)cc1,18.4600,0.4788
COc1ccc(S(=O)(=O)Nc2c(NS(=O)(=O)c3ccc(OC)c(OC)c3OC)cccc2OC)cc1,11.7300,0.4314
COc1ccc(-c2ccc(OC)c(OC)c2)cc1NC(=O)c1cnc(OC)c(OC)c1,10.4500,0.4739
COc1ccc(OC)c(Oc2ccc(NC(=O)c3cnccn3)c(OC)c2)c1,14.7400,0.3947
COC(=O)c1cc(OC)cc(OC)c1NS(=O)(=O)c1ccc(NC(=O)c2cc(OC)c(OC)c(OC)c2)c(OC)c1,13.9200,0.5227
COc1ccc(OC)c(C(=O)N(C)c2c(OC)cccc2C(=O)Nc2cc(OC)c(OC)cc2OC)c1,10.7200,0.5238
COc1ccc(C(=O)Nc2c(OC)cccc2C(=O)Nc2ccc(OC)c(OC)c2)cc1NC(=O)c1ccc(OC)c(OC)c1,15.2400,0.4576
CNS(=O)(=O)c1ccccc1-c1ccc(NC(=O)c2ccc(OC)cn2)c(F)c1,8.8200,0.4768
COc1ccc(S(=O)(=O)Nc2ccccc2)cc1NC(=O)c1cc(OC)c(OC)c(OC)c1,6.1800,0.4239
COc1ccc(S(=O)(=O)Nc2ccccc2OC)cc1NC(=O)c1cc(OC)c(OC)c(OC)c1,4.8400,0.4407
COc1cc(S(=O)(=O)c2cc(N(C)c3ccc(OC)c(OC)c3)ccc2OC)ccc1NC(=O)Cc1ccn(C)c1,24.7600,0.5080
COc1cc(OC)cc(C(=O)Nc2ccc(S(=O)(=O)Nc3cc(OC)cc4cccnc34)cc2OC)c1,13.7400,0.4943
COc1ccc(C(=O)Nc2ccc(-c3cc(C(C)NO)ccc3S(C)(=O)=O)cc2F)cc1OC,20.6800,0.5011
COc1ccc(NC(=S)c2ccc(OC)c(NC(=O)c3cc(OC)c(OC)c(OC)c3)c2)c(OC)c1,13.5200,0.4147
COc1cc(CC(=O)Nc2cc(S(=O)(=O)Nc3cc(OC)ccc3OC)ccc2OC)cc(OC)c1,9.3400,0.4328
COC(=O)c1ccccc1C(=O)N(CC(=O)Nc1ccc(OC)c(OC)c1)Cc1cccn1C,21.3900,0.5084
COc1ccc(OC)c(NC(=O)CSc2nnc(-c3ccc(OC)c(OC)c3)n2C)c1,10.8400,0.4688
COc1ccccc1NC(=O)CN(C(=O)c1cc(OC)c(OC)c(OC)c1)c1ccccc1OC,7.0900,0.4683
COc1cc(NS(=O)(=O)c2ccc(NC(=O)c3ccc(OC)c(OC)c3)cc2)cc(OC)c1,4.4700,0.3857
COc1ccc(OC)c(NS(=O)(=O)c2ccc(NC(=O)c3ccc(OC)c(OC)c3)cc2)c1,6.6600,0.4134
COc1ccc(NC(=S)NC(=O)c2cc(NC(=O)c3ccc(OC)c(OC)c3)ccc2OC)cc1OC,13.8000,0.4583
COc1ccc(S(=O)(=O)Nc2cccc(OC)c2NS(=O)(=O)c2cccc(OC)c2)cc1,9.5100,0.3518
COc1ccc(OC)c(S(=O)(=O)Nc2ccc(OC)c(NC(=O)c3ccc(OC)c(OC)c3)c2)c1,13.7200,0.4707
COc1ccc(S(=O)(=O)Nc2ccc(NC(=O)c3ccc(OC)c(OC)c3)c(OC)c2)cc1,5.0600,0.4090
CC(C(=O)Nc1ccc(-c2cccc(S(=O)(=O)NC(=O)OC(C)(C)C)c2)cc1F)c1ccccc1,13.6400,0.4296
COc1cccc(S(=O)(=O)n2c(OC)cnc2-c2ccc(NC(=O)c3cc(OC)c(OC)c(OC)c3)c(OC)c2)c1,16.3000,0.6000
COc1ccc(-c2noc(-c3ccc(OC)c(OC)c3)n2)cc1NC(=O)c1ccc(OC)c(OC)c1,7.2200,0.5009
COc1ccc(C(=O)Nc2c(OC)ccc(C(=O)Nc3cnc(OC)c(OC)c3)c2OC)cc1OC,16.7000,0.5098
COc1ccc(NC(=O)c2ccc(OC)c(NC(=O)c3cc(OC)c(OC)c(OC)c3)c2OC)c(OC)c1,10.7600,0.4545
COc1ccc(OC)c(NC(=O)CN(C(=O)c2ccc(OC)c(OC)c2)c2cc(OC)ccc2OC)c1,10.7400,0.4858
COc1cc(NC(=O)Cc2ccnc3cc(OC)c(OC)cc23)ccc1NC(=O)c1cc(OC)c(OC)c(OC)c1,16.9800,0.4934
COc1cc(OC)cc(C(=O)Nc2ccc(OC)cc2NS(=O)(=O)c2cc(-c3ccc(OC)c(OC)c3)ccc2OC)c1,14.5100,0.5200
COc1ccc(S(=O)(=O)Nc2ccccc2OC)cc1NC(=O)c1cc(OC)c(OC)o1,9.1900,0.4893
COc1ccc(S(=O)(=O)Nc2ccc(OC)c(OC)c2)cc1NC(=O)c1ccn(CC(=O)O)c1,12.6500,0.4738
COc1cc2c(c(OC)c1)CN(c1nc(-c3ccc(OC)c(OC)c3)ccc1OC)CC2,10.2500,0.5945
COc1cc(NS(=O)(=O)c2ccc(NC(=O)c3occ(OC)c3OC)cc2)cc(OC)c1,11.1100,0.4565
COc1ccc(OC)c(NC(=O)CN(C(=O)c2cc(OC)c(OC)c(OC)c2)c2ccc(OC)c(OC)c2)c1,7.4500,0.4833
COc1ccc(N2CCN(c3nc(-c4ccc(C(=O)O)cc4Oc4ccc(F)cc4)ccc3OC)CC2)cn1,20.4000,0.5399
COC(=O)COc1ccc(C(=O)N(C)S(=O)(=O)c2ccc(OC)c(OC)c2)cc1,12.5600,0.4083
COc1cc(OC)cc(C(=O)Nc2cc(NS(=O)(=O)Cc3cc(C)no3)ccc2OC)c1,14.7400,0.4249
COc1ccc(N(C)Cc2coc(-c3ccc(S(C)(=O)=O)cc3OC)c2)cc1OC,13.7100,0.4836
COc1cc(-c2ccc(OC)c(S(=O)(=O)NC(=O)OC(C)(C)C)c2)ccc1NC(=O)C(C)c1cccc(C)n1,19.4100,0.5291
COc1ccc(NC(=O)NS(=O)(=O)c2ccc(-c3ccc(OC)c(OC)c3)cc2OC)cc1OC,9.5200,0.4102
COc1ccc(OC)c(NS(=O)(=O)c2ccc(NC(=O)Cc3ccccn3)c(OC)c2)c1,9.0300,0.4298
COc1cc(S(=O)(=O)Nc2ccccc2)ccc1NC(=O)c1cc(OC)c(OC)c(OC)c1,7.4500,0.4145
COc1ccc(S(=O)(=O)Nc2ccc(OC(=O)Nc3ccccc3OC)c(OC)c2)c(OC)c1,18.4700,0.4143
COc1cc(S(=O)(=O)Nc2ccccc2N2CCOCC2)cc(OC)c1OC,12.3000,0.3691
COc1ccc(OC)c(NS(=O)(=O)c2ccc(NC(=O)c3cc(OC)c(OC)c(OC)c3)c(OC)c2)c1,6.3300,0.4578
COc1ccc(NS(=O)(=O)c2ccc(OC)c(NC(=O)c3ccc(OC)c(OC)c3)c2)c(OC)c1,5.6600,0.4437
COc1ccc(-c2ccc(NC(=O)C(F)F)cc2)nc1N(C)S(=O)(=O)c1ccccc1C(=O)O,21.4300,0.5819
COc1ccc(-c2ccc(OC)c(OC)c2)cc1NC(=O)c1cc(OC)c(-c2cnccn2)s1,14.5600,0.5541
COc1cc(-c2ccc(OC)c(S(=O)(=O)NC(=O)OC(C)(C)C)c2)ccc1NC(=O)c1ccn(C)n1,15.7600,0.5200
COc1cc(-c2cc(C(=O)NC(=S)NC(=O)OC(C)(C)C)no2)ccc1NC(=O)c1cccnc1,25.9300,0.5402
CNS(=O)(=O)c1ccccc1-c1ccc(NC(=O)Cc2noc3ccc(F)cc23)c(F)c1,13.7800,0.4955
COc1ccc(OC)c(S(=O)(=O)Nc2ccccc2NS(=O)(=O)c2cc(OC)c(OC)c(OC)c2)c1,14.7100,0.4437
COc1ccc(S(=O)(=O)Nc2cc(NC(=O)c3ccc(OC)c(OC)c3)ccc2OC)cc1,7.8400,0.4159
COc1cc(OC)cc(C(=O)N(CC(=O)Nc2ccccc2OC)c2ccc(OC)cc2OC)c1,7.9600,0.4644
COc1ccc(NS(=O)(=O)c2ccc(OC)c(OC)c2)c(C(=O)N(C)c2nc(-c3ccc(OC)c(OC)c3)ccc2OC)c1,13.3400,0.6230
COc1ccc(S(=O)(=O)NC(=O)c2ccc(NC(=O)c3ccc(OC)c(OC)c3)c(OC)c2)cc1,7.0200,0.4254
COc1ccccc1CC(=O)Nc1ccc(S(=O)(=O)Nc2cc(OC)c(OC)cc2OC)cc1,17.7200,0.4340
COc1cc(N(Cc2cccn2C)C(=O)c2cc(OC)c(OC)c(OC)c2)ccc1NC(=O)c1ccc(OC)c(OC)c1,11.3400,0.5072
COc1cccc(C(=O)Nc2ccccc2NC(=S)Nc2cc(OC)ccc2OC)c1,13.2500,0.3771
COc1cc(NS(=O)(=O)c2ccc(NC(=O)c3ccccc3OC)cc2)cc(OC)c1,5.3700,0.4417
COc1ccc(NS(=O)(=O)c2ccc(OC)c(NC(=O)c3cc(OC)c(OC)c(OC)c3)c2)c(OC)c1,6.1200,0.4483
COc1ccc(S(=O)(=O)Nc2c(OC)cccc2C(=O)Nc2ccccc2NS(C)(=O)=O)cc1,9.4300,0.4820
COc1ccc(NS(=O)(=O)c2ccc(NC(=O)c3cc(OC)cc(OC)c3)c(OC)c2)cc1,7.7800,0.4058
COC(=O)c1ccc(-c2ccc3c(c2)CCN3C(=O)c2cc(OC)ccc2OC)c(C(=O)OC)c1,23.5000,0.6063
COc1ccccc1NC(=O)C(=O)NS(=O)(=O)c1cc(-c2ccc(OC)c(OC)c2)ccc1OC,12.0700,0.4562
COC(=O)c1cc(NC(=O)c2ccc(OC)c(NC(=O)c3ccc(OC)c(OC)c3)c2)ccc1OC,16.7300,0.4695
COc1ccc(OC)c(NS(=O)(=O)c2ccc(NC(=O)Cc3ccccn3)cc2)c1,8.4400,0.3843
COc1ccc(S(=O)(=O)Nc2cnc(N3CCc4cc(OC)cc(OC)c43)c(OC)c2)cc1,8.5500,0.5894
COc1ccc(NC(=O)c2cccc(OC)c2NC(=O)c2ccc(OC)c(OC)c2OC)cc1OC,8.1000,0.4714
COc1cc(NS(=O)(=O)c2ccc(NC(=O)c3ccc(OC)c(OC)c3)c(OC)c2)c2cc(OC)ccc2c1,8.4200,0.4610
COc1ccc(OC)c(NC(=O)c2ccc(OC)c(NC(=O)c3cc(OC)c(OC)c(OC)c3)c2)c1,7.3000,0.4229
COc1cc(OC)c(N=Cc2ccc(OC)c(NC(=O)c3cc(OC)c(OC)c(OC)c3)c2)c(OC)c1,19.5600,0.4201
COC(=O)c1cnc(-c2ccc(NC(=O)c3ccc(OC)c(OC)c3)c(OC)c2)n1NS(=O)(=O)c1ccc(OC)cc1,19.0700,0.5941
COc1ccc(S(=O)(=O)Nc2ccccc2OC)cc1NC(=O)c1occ(OC)c1OC,8.4600,0.4914
COc1ccc(S(=O)(=O)Nc2cc(OC)ccc2OC(=O)c2cc(OC)c(OC)cc2OC)cc1,6.0400,0.4470
COc1ccc(S(=O)(=O)Nc2cccc(OC)c2NS(=O)(=O)c2ccc(OC)cc2OC)cc1,9.2700,0.3969
COc1ccc(S(=O)(=O)NC(=O)c2ccc(OC)c(NC(=O)c3cc(OC)ccc3OC)c2)cc1,9.7000,0.4681
COc1cc(CC(=O)Nc2cc(S(=O)(=O)Nc3cc(OC)cc(OC)c3)ccc2OC)cc(OC)c1,9.6700,0.4076
COc1cc(NS(=O)(=O)c2ccc(NC(=O)c3ccccc3OC)c(OC)c2)cc(OC)c1,6.3500,0.4345
COc1ccc(S(=O)(=O)Nc2cc(OC)ccc2NS(=O)(=O)c2cc(OC)cc(OC)c2)cc1,7.2400,0.3518
COc1ccc(S(=O)(=O)Nc2ccccc2OC)cc1NC(=O)c1ccc(OC)c(OC)c1,4.5800,0.4293
COc1cc(N(C)C(=O)c2cc(OC)c(OC)cc2OC)ccc1NC(=O)c1ccc(OC)c(OC)c1,11.2000,0.4658
COc1ccc(NC(=O)c2cc(OC)c(N3CCOCC3)nn2)cc1-c1ccc(NC(=O)CO)cc1,21.4500,0.5079
COc1cc(OC)cc(C(=O)Nc2ccc(S(=O)(=O)Nc3ccc(OC)c(OC)c3)cc2OC)c1,8.2000,0.4274
COc1ccc(CC(=O)N(c2nc3cc(OC)c(OC)cc3c(=O)o2)c2ccccc2OC)cc1OC,25.8000,0.5958
COc1ccc(-c2ccc(OC)c(OC)c2)cc1NC(=O)c1ccc(OC)c(OC)c1,8.6800,0.4052
COc1ccc(NC(=O)C(=O)N(Cc2cnn(C)c2)C(=O)c2cc(OC)c(OC)c(OC)c2)cc1OC,15.4600,0.4671
COc1ccc(S(=O)(=O)Nc2ccccc2OC)cc1NC(=O)c1ccccc1OC,8.0900,0.4291
COc1cc(-c2ccc(OC)c(OC)c2OC)cnc1N(C)CCc1ccccc1F,21.8600,0.4781
COc1ccc(OC)c(C(=O)Oc2cc3ccc(=Nc4ccc(OC)c(OC)c4)[nH]c3cc2OC)c1,18.8600,0.4517
COc1cc(OC)c(OC)cc1NC(=O)c1cccc(OC)c1NC(=O)Cc1cc(OC)c(OC)c(OC)c1,11.8500,0.4818
COc1cc(-c2ccc(OC)c(OC)c2)ncc1NC(=O)c1cc(OC)c(OC)c(OC)c1,7.0700,0.4830
COc1cc(OC)c(NS(=O)(=O)c2ccc(NC(=O)c3ccc(OC)c(OC)c3)c(OC)c2)c(OC)c1,9.6500,0.4467
COc1ccc(C(=O)Nc2cc(C(F)(F)F)ccc2OC)cc1NC(=O)c1cc(OC)c(OC)c(OC)c1,12.4100,0.4983
COc1cc(S(=O)(=O)Nc2ccccc2OC)ccc1NC(=O)c1ccccc1OC,6.6200,0.4284
COc1ccc(NC(=O)C2CCCCn3c2cc(OC)c3C(=O)c2ccc(OC)c(OC)c2)c(OC)c1,23.9200,0.6520
COc1cc[nH]c(=Nc2c(OC)cccc2C(=O)Nc2ccc(OC)c(OC)c2)c1,12.9000,0.4711
COc1ccc(S(=O)(=O)Nc2cc(OC)ccc2OC(=O)c2cc(OC)cc(OC)c2)cc1,6.4600,0.3902
COc1ccc(S(=O)(=O)Nc2cc(OC)ccc2OC(=O)c2cc(OC)c(OC)c(OC)c2)cc1,6.6600,0.4142
COc1ccc(OC)c(NS(=O)(=O)c2ccc(NC(=O)c3ccccc3OC)cc2)c1,7.0300,0.4228
COc1ccc(S(=O)(=O)c2ccc(N(C)c3ccc(NC(=O)c4cnccn4)c(OC)c3)cc2OC)cc1,18.0300,0.4471
COc1ccc(-c2ccc(OC)c(S(=O)(=O)CCNC(=O)c3cc(OC)n(C)c3)c2)cc1OC,18.6800,0.4837
COc1ccc(S(=O)(=O)Nc2ccc(OC(=S)c3ccc(OC)c(OC)c3)c(OC)c2)cc1,7.6400,0.3738
COc1ccc(S(=O)(=O)Nc2cc(OC)ccc2OC(=O)c2ccc(OC)c(NC(=O)c3ccc(OC)c(OC)c3)c2)cc1,9.5400,0.4995
COc1cc(OC)cc(C(=O)Nc2ccc(S(=O)(=O)N3CCN(c4ccccc4)CC3)cc2OC)c1,12.1400,0.4478
COc1cccc(NS(=O)(=O)c2ccc(OC)c(NC(=O)c3cc(OC)ccc3OC)c2)c1,10.2800,0.4520
COc1ccc(S(=O)(=O)Nc2cccc(OC)c2NS(=O)(=O)c2ccc(OC)c(OC)c2)cc1,6.8700,0.3648
CNS(=O)(=O)c1ccc(-n2cc(-c3ccc(NC(C)=O)cc3OC)cc2C(=O)OC)cc1,14.7500,0.5274
COc1ccc(OC)c(NS(=O)(=O)c2ccc(NC(=O)c3ccccc3OC)c(OC)c2)c1,8.0300,0.4498
COC(=O)c1cccc(S(=O)(=O)Nc2ccc(OC(=O)c3ccc(OC)c(OC)c3)c(OC)c2)c1,11.8600,0.4093
COc1cccc(S(=O)(=O)Nc2cc(OC)cc3c(OC(=O)c4ccc(OC)c(OC)c4)c(OC)cnc23)c1,12.1600,0.5442
COc1ccc(OC)c(NS(=O)(=O)c2ccc(NC(=O)c3cccnc3)c(OC)c2)c1,10.1300,0.4335
COc1ccc(C(=O)N(C)c2nc(-c3ccc(NC(C)=O)cc3)ccc2OC)cc1OC,12.0700,0.5315
COc1ccc(NS(=O)(=O)c2ccc(NC(=O)c3ccc(OC)c(OC)c3)c(OC)c2)c(OC)c1,6.6900,0.4405
COc1cc(NC(=O)CN(C(=O)c2cc(OC)c(OC)c(OC)c2)c2ccc(OC)c(OC)c2)cc(OC)c1,16.2600,0.4645
COc1ccc(S(=O)(=O)Nc2cc(NC(=O)c3cc(OC)c(OC)c(OC)c3)ccc2OC)cc1,7.6200,0.4252
COc1cc(OC)cc(C(=O)Nc2cc(S(=O)(=O)Nc3ccccc3OC)ccc2OC)c1,6.8100,0.4152
COc1cc(S(=O)(=O)Nc2ccccc2OC)ccc1NC(=O)Cc1ccc(OC)c(OC)c1,6.8900,0.4226
COc1ccccc1NC(=S)Nc1cc(NC(=O)c2ccc(OC)c(OC)c2)ccc1OC,12.1700,0.3732
COc1ccc(S(=O)(=O)Nc2ccc(OC)c(NC(=O)c3cccc(OC)c3)c2)cc1,6.8500,0.3911
COc1ccc(NC(=O)c2ccc(OC)c(OC)c2OC)c(C(=O)Nc2ccc(OC)c(OC)c2)c1,8.0700,0.4465
COc1ccc(-c2ccc(OC)c(S(=O)(=O)NC(=O)c3c(OC)cccc3OC)c2)cc1OC,6.6500,0.4651
COc1ccc(OC)c(C(=O)NS(=O)(=O)c2ccc(NC(=O)C(C)(C)C)cc2)c1,11.7100,0.4157
CNS(=O)(=O)c1ccc(OC)cc1-c1ccc(NC(=O)Cc2ccccn2)c(F)c1,13.7000,0.4826
COc1cc(NS(=O)(=O)c2cccc(NC(=O)c3ccc(OC)c(OC)c3)c2)cc(OC)c1,7.1800,0.3998
COc1cc(OC)cc(C(=O)Nc2cc(-n3c(C)cnc3-c3ccc(OC)c(OC)c3)ccc2OC)c1,15.0900,0.5333
COc1ccc(NS(=O)(=O)c2cc(-c3ccc(OC)c(OC)c3)ccc2OC)cc1OC,8.2400,0.4035
COc1ccc(C(=O)Nc2c(OC)cccc2C(=O)Nc2cc(OC)c(OC)c(OC)c2)cc1OC,8.3100,0.4309
Cc1ccc(-n2nc(C)cc2SCC(=O)Nc2ccc(S(=O)(=O)N(C)C)cc2)cc1,18.7400,0.4237
COc1ccc(S(=O)(=O)Nc2ccccc2)cc1NC(=O)c1ccc(OC)c(OC)c1,5.8200,0.4167
COc1ccc(C(=O)Nc2ccc(OC)c(OC)c2)c(NS(=O)(=O)c2cc(OC)ccc2OC)c1,13.8500,0.4845
COc1ccc(S(=O)(=O)Nc2ccc(OC)c(NS(=O)(=O)c3cc(OC)ccc3OC)c2)cc1,8.2400,0.4371
COc1cc(-c2ccc(OC)c(S(=O)(=O)NCCN(C)c3ccccc3)c2)ccc1NC(C)=O,19.6900,0.4259
COc1ccc(S(=O)(=O)Nc2ccc3c(c2)CCN3C(=O)Cc2cc(OC)c(OC)cn2)cc1,17.3900,0.5076
COc1ccc(C(=O)Nc2ccc(OC)c(OC)c2)cc1NC(=O)c1ccc(OC)c(OC)c1,9.7700,0.4118
COc1cccc(NC(=S)Nc2ccc(OC)c(OC(=O)c3ccc(C)o3)c2)c1,21.2800,0.3572
COc1cc(OC)cc(C(=O)Nc2cc(S(=O)(=O)Nc3ccc(OC)c(OC)c3OC)ccc2OC)c1,9.7700,0.4651
COc1ccc(-c2ccc(OC)c(OC)c2)cc1NC(=O)c1cccc(N2CCOCC2)c1,13.7300,0.4207
COc1cc(-c2ccc(OC)c(N(C)C(=O)Cc3ccc(OC)c(OC)c3)n2)ccc1NC(=O)c1ccnnc1,15.3700,0.5873
COc1cc(OC)cc(C(=O)Nc2cc(C(=O)Nc3ccc(OC)cc3OC)ccc2OC)c1,8.7900,0.4398
COc1ccc(OC)c(NC(=O)CN(C(=O)c2cc(OC)c(OC)c(OC)c2)c2cc(OC)ccc2OC)c1,10.4000,0.4903
COc1ccccc1C(=O)Nc1ccc(S(=O)(=O)Nc2cc(OC)c(OC)c(OC)c2)cc1,8.0500,0.4265
COc1ccc(OC)c(NS(=O)(=O)c2ccc(OC)c(NC(=O)c3occ(OC)c3OC)c2)c1,11.1700,0.5107
COc1ccc(OC)c(S(=O)(=O)Nc2ccc(NC(=O)c3ccccc3OC)c(OC)c2)c1,8.4300,0.4684
COc1ccc(C(=O)Nc2c(OC)cccc2C(=O)Nc2ccc(OC)c(OC)c2)c(OC)c1,12.7000,0.4576
COc1cc(S(=O)(=O)Nc2ccccc2OC)ccc1NC(=O)c1cc(OC)c(OC)c(OC)c1,6.0200,0.4342
COc1cc(NC(=O)c2cccc(OC)c2NS(=O)(=O)c2cc(OC)ccc2OC)cc(OC)c1,9.7600,0.5005
COc1ccccc1NC(=O)NS(=O)(=O)c1ccc2c(-c3ccc(OC)c(OC)c3)cccc2c1,12.6700,0.4030
COc1ccc(S(=O)(=O)Nc2cc(OC)c(NC(=O)c3cc(OC)c(OC)c(OC)c3)cc2OC)cc1,7.1600,0.4525
COc1cc(NS(=O)(=O)c2cc(-c3ccc(NC(C)=O)c(OC)c3)ccc2OC)cc(OC)c1,15.8500,0.4350
COc1cc(NS(=O)(=O)c2ccc(NC(=O)Cc3ccccn3)c(OC)c2)cc(OC)c1,7.0700,0.4116
COc1ccc(NS(=O)(=O)c2ccccc2)cc1NC(=O)c1cc(OC)c(OC)c(OC)c1,16.1200,0.4120
CNS(=O)(=O)c1ccccc1-c1ccc(NC(=O)C(=O)Nc2cc(OC)cc(OC)c2)c(F)c1,11.6600,0.4880
COc1ccc(OC)c(CC(=O)Nc2ccc(NC(=O)c3cc(OC)c(OC)c(OC)c3)cc2)c1,10.9600,0.4062
COc1ccc(NC(=O)c2cccc(OC)c2N(C)C(=O)c2ccc(OC)c(OC)c2)cc1OC,9.8000,0.4758
COc1ccc(S(=O)(=O)Nc2cccc(OC)c2NC(=O)c2ccc(OC)c(OC)c2)cc1,7.0900,0.4456
COc1ccc(OC)c(NS(=O)(=O)c2ccc(NC(=O)Cc3ccsc3)c(OC)c2)c1,12.0700,0.4191
COc1ccc(-c2ccc(OC)c(S(=O)(=O)NC(=O)c3cc(OC)c(OC)c(OC)c3)c2)cc1OC,5.9200,0.4613
COc1cccc(NS(=O)(=O)c2ccc(OC)c(NC(=O)Cc3cc(OC)cc(OC)c3)c2)c1,8.5900,0.4070
COc1ccc(CC(=O)NS(=O)(=O)c2cc(-c3ccc(OC)c(OC)c3)ccc2OC)cc1OC,7.8700,0.4609
COc1ccc(S(=O)(=O)c2ccc(OC)cc2-c2ccc(NC(=O)Cc3cc(OC)n(C)n3)cc2)cc1,12.4100,0.4914
COc1ccc(NS(=O)(=O)c2ccc(NC(=O)Cc3ccc(OC)c(OC)c3)c(OC)c2)c(OC)c1,8.8700,0.4390
COc1ccc(S(=O)(=O)Nc2ccc(OC)c(OC)c2)cc1NC(=O)c1ccc(OC)c(OC)c1,8.4500,0.4361
COC(=O)c1cc(OC)cc(OC(=O)c2ccc(OC)c(OC)c2)c1NS(=O)(=O)c1ccc(OC)cc1,16.2200,0.4811
COc1ccc(S(=O)(=O)Nc2cc(OC)c(OC)cc2OC(=O)c2ccc(OC)c(OC)c2)cc1,7.2900,0.4255
COc1cc(OC)cc(C(=O)N(C)c2c(OC)cccc2C(=O)Nc2ccc(OC)c(OC)c2)c1,9.3500,0.4727
COc1ccc(OC)c(C(=O)Nc2cc(-c3ccc(NC(=O)CN(C)C)cc3)sn2)c1,18.9700,0.4668
COc1ccc(OC)c(NS(=O)(=O)c2ccc(NC(=O)Cc3ccc(OC)c(OC)c3)c(OC)c2)c1,8.5300,0.4408
COc1cc(NC(=O)NS(=O)(=O)c2ccc3c(-c4ccc(OC)c(OC)c4)cccc3c2)cc(OC)c1,10.9900,0.3992
COc1ccc(S(=O)(=O)n2c(SCc3ccccn3)nc3cc(OC)c(OC)cc32)cc1,14.6300,0.5115
COc1cc(S(=O)(=O)Nc2ccc(OC)c(OC)c2)ccc1NC(=O)c1ccc(OC)c(OC)c1,6.3100,0.4309
COc1cccc(C(=O)Nc2ccccc2N(Cc2ccccn2)C(=O)c2cc(OC)cc(OC)c2)c1,15.7400,0.4719
COc1ccc(S(=O)(=O)NC(=O)c2ccc(OC)c(NC(=O)c3cc(OC)cc(OC)c3)c2)cc1,7.5200,0.4332
COc1ccc(S(=O)(=O)NC(=O)c2ccc(OC)c(NC(=O)c3cc(OC)c(OC)c(OC)c3)c2)cc1,7.1600,0.4494
Cc1cc(CC(=O)Nc2ccc(-c3ccccc3S(=O)(=O)N(C)C)cc2F)no1,11.3300,0.4697
COc1ccc(NC(=O)COc2nnc(-c3ccc(OC)c(OC)c3)cc2OC)cc1OC,12.3800,0.4381
COc1ccc(S(=O)(=O)Nc2ccc(NC(=O)Cc3cc(OC)n(C)n3)c(OC)c2)cc1,10.5400,0.4578
COc1ccc(OC)c(NS(=O)(=O)c2ccc(OC)c(C(=O)N3CCCCCC3)c2)c1,14.9200,0.4606
COc1cc(-c2noc(-c3ccc(OC)c(OC)c3)n2)ccc1NC(=O)c1nc(C(F)(F)F)cs1,21.3500,0.5151
COc1cc(OC)cc(C(=O)Nc2ccc(NC(=O)c3ccc(OC)c(OC)c3)cc2OC)c1,12.2700,0.3850
COc1cc(-c2cn(-c3cccc(OC(C)C)c3)nn2)ccc1NC(=O)c1ccc(OC)c(OC)c1,14.7000,0.5078
COc1ccc(OC)c(NC(=O)c2ccc(NC(=O)c3ccc(OC)c(OC)c3)c(OC)c2)c1,12.3000,0.3837
COc1cc(NC(=O)c2ccc(NC(=O)c3cc(OC)c(OC)c(OC)c3)cc2)cc(OC)c1,12.8200,0.4038
COc1ccc(NC(=O)c2cc(NC(=O)c3cc(OC)c(OC)c(OC)c3)c(NC(=O)C3CCCC3)c(OC)c2)cc1OC,15.8000,0.4758
COc1cc(OC)c(NS(=O)(=O)c2ccc(NC(=O)c3ccc(OC)c(OC)c3)s2)c(OC)c1,16.0300,0.4749
COc1ccc(OC)c(NC(=O)c2cc(OC)ccc2NC(=O)c2ccc(OC)c(OC)c2OC)c1,9.5500,0.4679
COc1ccc(NC(=O)C(=O)c2ccc(S(=O)(=O)NC(=O)c3ccccc3)c(OC)c2)cc1OC,14.8200,0.4791
COc1ccc(S(=O)(=O)Nc2cccc(OC)c2NC(=O)Cc2cc(OC)c(OC)cn2)cc1,8.2500,0.4750
COc1ccc(S(=O)(=O)Nc2ccc(OC)c(OC(=O)c3cccn3C)c2)cc1,13.5900,0.4077
COc1ccc(OC)c(NS(=O)(=O)c2cc(-c3ccc(OC)cc3OC)c(C)o2)c1,16.2100,0.5048
COc1ccc(S(=O)(=O)Nc2cc(NC(=O)c3ccc(OC)c(OC)c3)c(OC)cc2OC)cc1,8.2200,0.4444
COc1ccc(CS(=O)(=O)Nc2c(OC)cccc2C(=O)Nc2ccc(OC)c(OC)c2)c(OC)c1,13.0500,0.4905
COC(=O)NS(=O)(=O)c1ccccc1-c1ccc(NC(=O)c2ccc(OC)c(OC)c2)c(F)c1,14.7900,0.5103
COc1cc(OC)c(OC)cc1NC(=O)c1nnc(-c2cc(OC)c(OC)c(OC)c2)o1,16.0900,0.4877
COc1ccc2nc(-c3ccc(OC)c(OC)c3)nc(N3CCN(c4nccc(OC)n4)CC3)c2c1,14.4900,0.4986
COc1ccc(S(=O)(=O)NCCN(C)C)c(-c2ccc(NC(=O)c3cc(C#N)[nH]n3)c(F)c2)c1,22.6800,0.5201
CNS(=O)(=O)c1ccccc1-c1ccc(NC(=O)C(=O)OCc2ccc(C)o2)c(OC)c1,19.5600,0.4905
COC(=O)c1sc(N(C)Cc2coc(-c3cc(OC)c(OC)c(OC)c3)n2)nc1-c1ccc(OC)c(OC)c1,18.2000,0.5868
COc1ccc(S(=O)(=O)Nc2cc(OC)ccc2OC(=O)c2ccc(OC)c(OC)c2)cc1,6.8800,0.4015
COc1ccccc1NC(=O)CN(C(=O)c1ccc(OC)c(OC)c1)c1c(OC)cccc1OC,10.8300,0.4757
COc1ccc(S(=O)(=O)Nc2cc(OC)cc3ccc(OC)cc23)c(OC)c1,6.1900,0.4083
COc1cccc(C(=O)Nc2ccc(-c3nc(-c4ccc(OC)c(OC)c4)no3)cc2OC)n1,14.4500,0.5174
COc1ccc(-c2cc(OC(=O)C(C)(C)OC)c(C)n2-c2cc(OC)ccc2F)c(OC)c1,12.5800,0.5935
COc1cccc(C(=O)Nc2cc(S(=O)(=O)Nc3ccc(OC)c(OC)c3)ccc2OC)c1,8.5000,0.4238
COc1ccc(-c2ccc(NC(C)=O)cc2)cc1S(=O)(=O)c1ccc(NC(C)=O)cc1,13.6900,0.3571
COc1cc(OC)cc(C(=O)Nc2cc(S(=O)(=O)Nc3ccc(OC)cc3OC)ccc2OC)c1,6.2700,0.4234
COc1cnc(C(=O)Nc2ccc(-c3ncc(OC)n3S(=O)(=O)c3ccc(OC)cc3OC)cc2)nc1,18.9400,0.5732
COc1ccccc1CS(=O)(=O)Nc1c(OC)cccc1C(=O)Nc1ccc(OC)c(OC)c1,10.2300,0.4791
COC(=O)COc1ccc(-c2ccc(OC)c(N(C)C(=O)c3cc(OC)c(OC)c(OC)c3)n2)c(OC)c1,8.0000,0.5616
COc1ccc(OC)c(NC(=O)c2cccc(OC)c2NS(=O)(=O)c2cc(OC)ccc2OC)c1,7.8400,0.5083
COc1ccc(OC)c(NS(=O)(=O)Nc2ccc(OC)c(NC(=O)c3ccc(OC)c(OC)c3)c2)c1,16.5300,0.4197
COc1cc(CC(=O)Nc2c(OC)cccc2C(=O)Nc2ccc(OC)c(OC)c2)cc(OC)c1,8.6800,0.4536
COc1cc(OC)cc(C(=O)Nc2ccc(S(=O)(=O)Nc3cc(OC)c(OC)c(OC)c3)cc2OC)c1,7.7600,0.4315
COc1ccc(-c2cc(CN(C)C(=O)c3cc(OC)ccc3OC)co2)c(OC)c1,12.9700,0.4719
COc1ccc(S(=O)(=O)Nc2ccc(NC(=O)C(C)Nc3ccc(OC)c(OC)c3)c(OC)c2)cc1,18.5400,0.3885
COc1ccc(S(=O)(=O)Nc2ccccc2NS(=O)(=O)c2cc(OC)ccc2OC)cc1,10.5400,0.4351
COc1cc(NS(=O)(=O)c2ccc(-c3ccc(OC)c(OC)c3)cc2OC)cc(OC)c1,9.4000,0.3959
COc1ccc(S(=O)(=O)NC(=O)c2cc(NC(=O)c3cccnc3)ccc2OC)cc1,11.8400,0.4637
COc1ccnc(N2CCN(c3ccc(-c4ccc(OC)c(OC)c4)nn3)CC2)c1,7.9400,0.4107
COc1ccc(S(=O)(=O)Nc2c(OC)cccc2C(=O)Nc2cc(OC)ccc2OC)cc1,9.3100,0.4687
COc1cc(-c2cccc(S(=O)(=O)NC(=O)OC(C)(C)C)c2)ccc1NC(=O)c1ccc(OC)c(OC)c1,7.8400,0.4700
COc1cc(OC)cc(C(=O)Nc2ccc(NC(=O)Cc3cc(OC)ccc3OC)c(OC)c2OC)c1,14.2300,0.4532
CCc1ccccc1NC(=O)CN(C(=O)c1cc(OC)ccc1OC)c1ccc(OC)c(OC)c1,9.5300,0.5259
COc1ccc(S(=O)(=O)N(C)C(=O)c2cccc(OC)c2NS(=O)(=O)c2cccc(OC)c2)cc1,11.8300,0.5202
COc1ccc(OC)c(NC(=O)CN(C(=O)c2cc(OC)c(OC)c(OC)c2)c2ccc(OC)cc2OC)c1,7.1800,0.4884
COc1cc(OCc2cccc(-c3c(OC)cccc3OC)c2)ccc1NC(=O)c1cn(C)cn1,20.9700,0.4348
CCC(=O)Nc1ccc(S(=O)(=O)Nc2c(OC)cc(OC)cc2-n2cccc2)cc1,17.6700,0.4373
COc1cc(-c2noc(-c3ccc(OC)c(OC)c3)n2)ccc1NC(=O)c1ccc(OC)c(OC)c1,7.4000,0.4997
COc1ccc(N(CC(=O)Nc2ccccc2OC)C(=O)c2cc(OC)c(OC)c(OC)c2)c(OC)c1,6.4900,0.4734
COc1cncc(CC(=O)N(C)S(=O)(=O)c2ccc(CN(C(=O)c3cc(OC)c(OC)c(OC)c3)C(C)(C)C)s2)c1,29.7400,0.5521
COc1cc(C(=O)Nc2ccc(SC)c(C(C)=O)c2OC)cc(OC)c1OC,17.9600,0.4854
CNS(=O)(=O)c1ccccc1-c1ccc(NC(=O)c2cncs2)c(F)c1OC,13.3700,0.5155
COc1ccc(S(=O)(=O)Nc2cc(OC)c(NC(=O)c3ccc(OC)c(OC)c3)cc2OC)cc1,6.5100,0.4417
COc1ccc(NS(=O)(=O)c2cc(-c3ccnc(C)c3)ccc2OC)cc1OC,13.2300,0.4158
COc1ccc(-c2cc(OC)c(N3CCCC3c3ccc(OC)c(OC)c3)nn2)cc1OC,11.8000,0.5783
COc1cc(-c2ccc(OC)c(NC(=O)c3cc(OC)c(OC)c(OC)c3)c2)ccc1NC(C)=O,8.5100,0.4312
COc1ccc(OC(=O)c2c(OC)cccc2OC)c(NS(=O)(=O)c2ccc(OC)c(OC)c2)c1,8.8000,0.4452
COc1ccc(S(=O)(=O)Nc2ccc(NC(=O)CC(C)Cc3cc(OC)cc(OC)c3)c(OC)c2)cc1,20.4200,0.4287
COc1cc(CC(=O)Nc2cc(S(=O)(=O)Nc3ccccc3OC)ccc2OC)cc(OC)c1,6.9300,0.4113
COc1cc(-c2[nH]c(=NC(C)C)ccc2F)ccc1NC(=O)c1cc(OC)c(-c2cccnc2)s1,24.7000,0.5846
COc1ccc(NS(=O)(=O)c2ccc(OC)c(NS(=O)(=O)c3ccc(C(=O)O)cc3)c2)c(OC)c1,16.9300,0.3622
CNS(=O)(=O)c1ccccc1-c1ccc(NC(=O)c2ccnnc2)c(F)c1,9.8700,0.4559
COC(=O)c1ccccc1NC(=O)CN(C(=O)c1cc(OC)ccc1OC)c1ccc(OC)c(OC)c1,10.5100,0.5387
COc1cccc(C(=O)N(C(=O)c2cc(OC)ccc2OC)c2cc(OC)n(-c3ccc(OC)cc3OC)c2)c1,22.4000,0.5568
COc1ccc(NS(=O)(=O)c2cc(OC)ccc2OC)c(C(=O)Nc2ccc(OC)c(OC)c2)c1,7.7900,0.4869
COc1cc(C(=O)Nc2sccc2OC(=O)c2c(OC)cccc2OC)cc(OC)c1OC,16.1200,0.4498
COc1ccc(OC)c(C(=O)N(C)c2nc(-c3ccc(NC(=O)Cc4ccccn4)c(OC)c3)ccc2OC)c1,11.5600,0.6130
COc1ccc(OC)c(CC(=O)Nc2ccc(OC)c(NC(=O)c3cc(OC)c(OC)c(OC)c3)c2)c1,8.6800,0.4456
COc1cc(OC)cc(C(=O)Nc2cc(C(=O)Nc3c(OC)cc(OC)cc3OC)ccc2OC)c1,9.8700,0.4321
COc1cc(OC)cc(C(=O)Nc2cc(S(=O)(=O)Nc3cccc(OC)c3C)ccc2OC)c1,15.6800,0.4514
COc1cccc(S(=O)(=O)NC(=O)c2ccc(OC)c(NC(=O)c3cccc(OC)c3OC)c2)c1,16.0100,0.4906
COc1ccc(-c2nc(N(C)C(=O)c3ccc(OC)c(OC)c3)c(NC(=O)Cc3cccnc3)s2)c(OC)c1,13.4000,0.6056
COc1ccc(OC)c(C(=O)N(CC(=O)Nc2ccccc2OC)c2ccc(OC)c(OC)c2)c1,7.5000,0.5190
COc1ccc(C(=O)NCc2ccc(C)o2)cc1NC(=O)c1cc(-n2ccnc2)ccc1OC,17.6100,0.5015
COc1ccc(S(=O)(=O)NC(=O)c2ccc(NC(=O)c3cc(OC)c(OC)c(OC)c3)c(OC)c2)cc1,10.0000,0.4356
COc1cc(OC)c(S(=O)(=O)c2cccc(OC)c2NC(=O)c2cc(OC)c(OC)c(OC)c2)cc1OC,14.5200,0.5178
CCC(=O)Nc1ccc(-c2ccc(OC)c(NS(=O)(=O)c3ccccc3C(=O)O)c2)cc1,21.4600,0.4462
COc1ccc(-c2ccc(OC)c(OC)c2OC)nc1N(C)C(=O)c1cc(OC)c(OC)o1,12.4100,0.6136
COc1ccc(-c2ccc(OC)c(OC)c2)cc1NC(=O)c1cc(OC)c(OC)c(OC)c1,8.0700,0.4106
COc1ccc(C2CN(c3ccc(-c4cc(S(C)(=O)=O)ccc4OC)cc3)CC2N)cc1OC,22.0300,0.4947
COc1ccc(S(=O)(=O)Nc2cc(OC)c(NC(=O)c3cc(OC)cc(OC)c3)cc2OC)cc1,7.2900,0.4265
COc1ccc(S(=O)(=O)Nc2c(NS(=O)(=O)c3ccc(OC)c(OC)c3)cccc2OC)cc1,15.5400,0.3648
COc1ccc(S(=O)(=O)Nc2c(OC)cccc2C(=O)Nc2ccc(OC)c(OC)c2)cc1,10.4700,0.4667
COc1ccc(S(=O)(=O)Nc2cc(OC)ccc2NS(=O)(=O)c2ccc(OC)cc2OC)cc1,8.2800,0.3995
COc1ccc(S(=O)(=O)Nc2cccc(OC)c2NS(=O)(=O)c2cc(OC)cc(OC)c2)cc1,5.9600,0.3568
COc1ccc(S(=O)(=O)Nc2ccc(NC(=O)c3cc(OC)c(OC)c(OC)c3)c(OC)c2)cc1,5.2700,0.4165
CCNC(=O)c1cnc(-c2ccc(NC(=O)c3cccnc3F)c(F)c2)n1-c1cc(OC)cc(OC)n1,30.5200,0.6340
CCc1ccccc1NC(=O)CN(C(=O)c1ccc(OC)c(OC)c1)c1cc(OC)ccc1OC,8.8700,0.5075
COc1cc(CN(C)C(=O)c2cc(S(=O)(=O)Nc3ccc(OC)cc3OC)ccc2OC)cc(OC)c1,14.3800,0.4528
COc1cncc(C(=O)Nc2cc3nc(-c4ccc(OC)c(OC)c4)cc(OC)c3cn2)c1,21.1900,0.5146
COC(=O)c1c(-c2ccc(OC)c(OC)c2OC)csc1NC(=O)c1cc(OC)ccc1OC,11.5300,0.5972
COc1ccc(S(=O)(=O)Nc2ccccc2)cc1NC(=O)c1c(OC)cccc1OC,8.8300,0.4275
COc1ccc(S(=O)(=O)Nc2ccccc2OC)cc1NC(=O)Cc1ccccn1,9.4900,0.4098
COc1cc(OC)cc(C(=O)Nc2ccc(S(=O)(=O)NC(=O)c3cc(OC)c(OC)c(OC)c3)cc2OC)c1,9.5100,0.4427
COc1ccc(S(=O)(=O)Nc2cc(OC)c(OC)cc2OC(=O)c2ccccc2OC)cc1,6.7100,0.4295
COc1cccc(C(=O)Nc2c(OC)cccc2C(=O)Nc2ccc(OC)cc2OC)c1,12.4800,0.4125
COc1cc(S(=O)(=O)NC(=O)Cc2c(OC)cccc2OC)ccc1NC(=O)c1ccc(OC)c(OC)c1,10.8300,0.4721
COc1cc(OC)cc(S(=O)(=O)Nc2c(OC)ccc(C(=O)Nc3ccc(OC)c(OC)c3)c2OC)c1,11.5800,0.4994
COc1cc(OC)cc(C(=O)N(Cc2ccc(OC)nc2)c2ccc(NC(=O)c3ccco3)c(OC)c2)c1,18.1600,0.5102
COc1ccc(S(=O)(=O)Nc2c(N(C)C(=O)c3cc(OC)cc(OC)c3)cc(OC)c3ccc(OC)cc23)cc1,15.1800,0.4945
COc1ccccc1NS(=O)(=O)c1ccc(OC)c(C(=O)Nc2ccc(OC)c(OC)c2)c1,14.5500,0.4551
COc1ccc(-c2ccc(OC)c(S(=O)(=O)NC(=O)c3ccco3)c2)cc1OC,6.3900,0.4298
COc1ccccc1NS(=O)(=O)c1cc(OC)c(NC(=O)c2ccc(OC)c(OC)c2)c([N+](=O)[O-])c1,12.8100,0.5232
COc1ccc(NC(=O)c2cc(OC)ccc2NS(=O)(=O)c2cc(OC)ccc2OC)cc1,9.6500,0.4626
COc1ccc(OC)c(C(=O)NS(=O)(=O)c2ccc(NC(=O)c3ccc(OC)c(OC)c3)c(OC)c2)c1,6.7700,0.4750
COc1ccc(OC)c(NS(=O)(=O)c2ccc(OC)c(NC(=O)c3ccc(OC)c(OC)c3)c2)c1,6.4500,0.4512
COc1cc(OC)cc(C(=O)Nc2c(NC(=S)Nc3cc(OC)ccc3OC)cccc2OC)c1,12.1000,0.3982
COC(=O)COc1ccc(-c2ccc(OC)c(N(C)C(=O)c3ccc(OC)c(OC)c3)n2)c(OC)c1,10.3600,0.5578
COc1ccc(S(=O)(=O)N(C)C(=O)c2cc(OC)c(OC)c(OC)c2)cc1,8.6900,0.4019
COc1cc(OC)cc(C(=O)Nc2ccc(S(=O)(=O)Nc3ccccc3OC)cc2OC)c1,6.1800,0.4148
COc1ccc(S(=O)(=O)Nc2ccc(OC)c(OC)c2)cc1NC(=O)Cc1ccc(OC)c(OC)c1,7.4500,0.4307
COc1ccc(Oc2ccc(NC(C)=O)cc2)cc1NS(=O)(=O)c1ccc(OC)c(OC)c1,13.2800,0.4073
COc1cc(C(=O)Nc2ccc(S(C)(=O)=O)cc2NC(=O)c2cc(OC)c(OC)c(OC)c2)cc(OC)c1OC,16.3300,0.4030
COc1ccc(OC)c(NC(=O)CSc2nnc(CC(=O)Nc3ccc(OC)c(OC)c3)o2)c1,10.6300,0.3971
COc1ccc(S(=O)(=O)NC(=O)c2cc(OC)c(OC)c(OC)c2)cc1OC,8.3500,0.3930
COc1ccc(-c2nc(-c3ccc(OC)c(OC)c3)no2)cc1NC(=O)c1ccc(OC)c(OC)c1,11.3900,0.5101
COc1cc(OC)c(OC)cc1NC(=O)c1cccc(OC)c1NC(=O)c1ccc(OC)c(OC)c1,7.8900,0.4354
COc1ccc(S(=O)(=O)Nc2ccc(OC)c(NC(=O)c3cc(OC)c(OC)c(OC)c3)c2)cc1,5.6700,0.4216
COc1ccc(-c2ccc(NC(=O)c3cnccn3)cc2)nc1N(C)C(=O)c1cc(OC)c(OC)c(OC)c1,10.4100,0.5658
CNS(=O)(=O)c1ccccc1-c1ccc(NC(=O)Cc2ccccc2F)c(F)c1,14.7600,0.4782
COc1cc(OC)cc(C(=O)Nc2cc(NS(=O)(=O)Cc3cc(C)c(C)s3)cc(OC)c2OC)c1,33.6200,0.4893
COCCNS(=O)(=O)c1ccc(C)cc1-c1ccc(NC(=O)c2cc(OC)cc(OC)c2)c(F)c1,19.8600,0.5279
COC(=O)c1cccc(OC)c1C(=O)Oc1cc(OC)c(OC)cc1NS(=O)(=O)c1ccc(OC)cc1,13.8900,0.4997
COC(=O)c1c(F)cn(S(=O)(=O)c2cccc(OC)c2)c1-c1ccc(OC)c(OC)c1,23.0900,0.5979
CCc1ccccc1NC(=O)CN(C(=O)c1cc(OC)cc(OC)c1)c1ccc(OC)c(OC)c1,8.7100,0.4770
COc1ccc(S(=O)(=O)Nc2ccc(OC)c(OCC(=O)Nc3cc(OC)ccc3OC)c2)cc1,7.6100,0.4120
COc1ccc(-c2ccc(N3CCN(c4cc(OC)c(OC)cn4)CC3)nn2)cc1OC,9.3800,0.4438
CNS(=O)(=O)c1ccccc1-c1ccc(NC(=O)c2ccn(C)n2)c(OC)c1,13.1500,0.4873
COc1cc(OC)cc(C(=O)Nc2oc(-c3ccc(OC)c(OC)c3OC)cc2OC)c1,10.0000,0.5074
COC(=O)c1ccccc1C(=O)Oc1ccc(OC)cc1NS(=O)(=O)c1ccc(OC)cc1OC,9.6800,0.4648
COc1cc(NS(=O)(=O)c2ccc(NC(=O)c3cccnc3)cc2)cc(OC)c1,14.9100,0.3917
CNS(=O)(=O)c1ccc(OC)cc1-c1ccc(NC(=O)Cc2cc(C)on2)c(F)c1,13.0700,0.4799
COc1ccc(OC)c(C(=O)N(CC(=O)Nc2ccccc2C)c2ccc(OC)c(OC)c2)c1,9.3200,0.5163
COc1cc(OC)cc(C(=O)Nc2cnc(-c3ccc(NC(=O)C(C)O)c(OC)c3)cc2OC)c1,11.8200,0.5043
COc1cc(NS(=O)(=O)c2ccc(OC)c(NC(=O)c3ccccc3OC)c2)cc(OC)c1,8.9000,0.4395
COc1cc(OC)cc(C(=O)Nc2ccc(C(=O)NS(=O)(=O)c3cc(OC)ccc3OC)cc2OC)c1,11.1200,0.4661
COc1ccc(S(=O)(=O)Nc2c(OC)cccc2C(=O)NCc2ccc(C)o2)cc1OC,15.0300,0.4851
COc1ccc(S(=O)(=O)Nc2c(OC)cccc2C(=O)Nc2cc(OC)c(OC)c(OC)c2)cc1,8.6100,0.4751
COc1cncc(NS(=O)(=O)c2ccc(NC(=O)c3cc(OC)cc(OC)c3)c(OC)c2)c1,11.9600,0.4444
COc1ccc(S(=O)(=O)Nc2ccccc2C)cc1NC(=O)c1cc(OC)c(OC)c(OC)c1,12.7000,0.4440
COc1ccc(OC)c(NS(=O)(=O)c2ccc(NC(=O)c3ccc(OC)c(OC)c3)c(OC)c2)c1,6.2100,0.4482
COc1ccc(S(=O)(=O)Nc2cc(OC)c(OC)cc2OC(=S)N(C)Cc2ccccn2)cc1,13.6500,0.4378
COc1ccc(N(CC(=O)Nc2ccccc2OC)C(=O)c2cc(OC)c(OC)c(OC)c2)cc1,8.4500,0.4619
COc1cc(S(=O)(=O)N(C)Cc2ccc(C)o2)ccc1NC(=O)c1ccccc1OC,15.0700,0.4821
COc1ccc(NS(=O)(=O)c2ccc(OC)c(OC)c2)c(-c2ccc(OC)c(OC)c2OC)c1,12.5600,0.4246
COc1cc(C(=O)Nc2ccccc2N2CCOCC2)ccc1NC(=O)c1ccc(OC)c(OC)c1,10.0100,0.4025
COc1ccc(F)c(-n2c(-c3ccc(OC)c(OC)c3)cc(OC(=O)c3ccc(OC)c(OC)c3)c2C)c1,11.1600,0.5907
COc1cccc(C(=O)Nc2cc(C(F)(F)F)ccc2N2CCOCC2)c1NC(=O)c1ccc(OC)c(OC)c1OC,20.2300,0.5243
COc1ccc(C(=O)Oc2ccc(OC)c(C(=O)NS(=O)(=O)c3ccc(OC)c(OC)c3)c2)cc1OC,11.5200,0.4462
CNS(=O)(=O)c1ccccc1-c1ccc(NC(=O)c2ccc(OC(C)(C)C)c(OC)c2)cc1,9.1600,0.5172
COc1ccc(C(=O)n2c(OC)ccc2-c2ccc(NC(=O)C(C)c3cc(OC)c(OC)c(OC)c3)cc2)cc1OC,23.4400,0.5381
COc1cccc(S(=O)(=O)Nc2ccc(OC)cc2NS(=O)(=O)c2cc(OC)ccc2OC)c1,10.1800,0.4387
CCNC(=O)c1ccc(OC)c(NC(=O)c2cc(OC)c(NC(=O)c3ccc(OC)c(OC)c3)cc2OC)c1,18.2000,0.4495
COc1ccc(S(=O)(=O)Nc2ccc(OC(=O)c3cc(OC)cc(OC)c3)c(OC)c2)cc1,5.9200,0.3772
COc1cccc(C(=O)Nc2ccc(S(=O)(=O)Nc3cc(OC)c(OC)cc3OC)cc2)c1,11.0000,0.4217
COc1cc(OC)cc(C(=O)Nc2c(OC)ccc(C(=O)Nc3ccccc3NC(C)=O)c2OC)c1,15.6100,0.4477
COc1ccc(-c2ccc(OC)c(S(=O)(=O)NCc3cccnc3)c2)cc1OC,9.9700,0.4210
COc1cc(OC)cc(S(=O)(=O)Nc2c(N=c3ccc(OC)c(OC)[nH]3)cccc2OC)c1,14.4000,0.4843
COc1cc(OC)cc(C(=O)Nc2cc(NC(=S)Nc3ccccc3)ccc2OC)c1,9.3800,0.3896
COc1ccc(Cc2cc(OC)ccc2S(=O)(=O)NC(=O)c2cc(OC)cc(OC)c2)cc1,16.3100,0.4092
CNS(=O)(=O)c1ccccc1-c1ccc(NC(=O)c2ccc(OC)cc2)c(F)c1,8.8000,0.5008
COc1ccc(-c2ccc(S(=O)(=O)NC(=O)c3cc(OC)c(OC)c(OC)c3)c(OC)c2)cc1OC,7.0800,0.4423
COC(=O)c1cc(S(=O)(=O)Nc2ccc(OC)c(NC(=O)c3cc(OC)cc(OC)c3)c2)ccc1OC,14.5300,0.4751
COc1cncc(C(=O)NS(=O)(=O)c2cc(-c3ccc(OC)c(OC)c3)ccc2OC)c1,8.9200,0.4634
COc1ccc(OC(=O)c2ccc(OC)c(OC)c2)c(NS(=O)(=O)c2ccc(OC)c(OC)c2)c1,8.7500,0.4306
COc1ccc(OC)c(C(=O)NS(=O)(=O)c2ccc(-c3ccc(OC)c(OC)c3)cc2OC)c1,7.3700,0.4609
COc1cc(C(=O)Nc2ccc(C(F)F)c(OC)c2NC(=O)c2cc(OC)c(OC)c(OC)c2)cc(OC)c1OC,13.4800,0.4508
COc1cc(OC)cc(C(=O)NC(=O)c2ccc(OC)c(NC(=O)c3cc(OC)cc(OC)c3)c2)c1,12.9400,0.4244
COc1ccc(S(=O)(=O)Nc2cc(OC)cc3ncc(N(C)Cc4cccnc4)cc23)c(F)c1,20.5500,0.5160
COc1ccc(OC(=O)c2cc(OC)ccc2OC)c(NS(=O)(=O)c2cc(OC)ccc2OC)c1,9.2800,0.4742
COc1ccc(CC(=O)Nc2oc(-c3cc(OC)c(OC)cc3OC)cc2OC)cc1OC,12.5800,0.4923
COc1ccc(S(=O)(=O)Nc2ccc(NC(=O)c3ccc(OC)cc3OC)c(OC)c2)cc1,8.4300,0.4303
COc1ccc(S(=O)(=O)NC(=O)c2cc(OC)c(OC)cc2NC(=O)c2ccccc2OC)cc1OC,15.0800,0.5264
COc1ccc(S(C)(C)(=O)NC(=O)c2cccc(NC(=O)c3occ(OC)c3OC)c2)cc1,16.8500,0.5291
COc1ccc(S(=O)(=O)Nc2ccc(OC(=O)c3ccccc3OC)c(OC)c2)cc1,5.4900,0.3748
COc1cc(OC)cc(C(=O)NS(=O)(=O)c2ccc(-c3ccc(OC)c(OC)c3OC)cc2OC)c1,10.2000,0.4654
COc1ccc(OC)c(C(=O)N(CC(=O)Nc2ccccc2OC)c2c(OC)ccc(OC)c2OC)c1,13.7000,0.5342
COc1cc(OC)cc(C(=O)N(Cc2cccnc2)c2ccc(NC(=O)c3ccco3)c(OC)c2)c1,14.8700,0.4867
COc1ccccc1CS(=O)(=O)n1nc(-c2ccc(OC)c(OC)c2)cc1OC,15.9600,0.5068
COc1ccc(OC(=O)c2cc(OC)ccc2OC)c(NS(=O)(=O)c2c(OC)cccc2OC)c1,9.9500,0.4673
COc1cc(S(=O)(=O)NC(=O)c2ccccc2)ccc1NC(=O)c1cc(OC)c(OC)c(OC)c1,13.0900,0.4399
COc1cc(OC)cc(C(=O)Nc2cc(-c3ccc(NC(=O)c4cccn4C)c(OC)c3)sn2)c1,19.1900,0.5071
COC(=O)c1c(Sc2cc(OC)ccc2OC)ccc(NC(=O)c2ccc(OC)c(OC)c2)c1F,29.2400,0.5074
COc1ccc(NC(=S)Nc2cc(OC)c(OC)cc2OC)cc1NC(=O)c1ccc(OC)c(OC)c1,13.6100,0.4080
COc1cccc(NS(=O)(=O)c2ccc(NC(=O)c3cc(OC)cc(OC)c3)c(OC)c2)c1,7.5200,0.4112
COc1ccc(NS(=O)(=O)Cc2ccccc2OC)c(C(=O)NC(=O)c2ccccc2)c1,17.7000,0.4251
COc1ccc(OC)c(S(=O)(=O)Nc2cc(C(=O)Nc3ccc(OC)c(OC)c3)ccc2OC)c1,15.4500,0.4739
COc1cc(OC)cc(S(=O)(=O)Nc2ccccc2NS(=O)(=O)c2cc(OC)c(OC)cc2OC)c1,14.5500,0.4405
COc1cnc2c(c1)CCN(c1nc(-c3ccc(NC(=O)c4ccn(-c5ccccn5)c4)cc3)ccc1Cl)C2,23.8600,0.6260
COc1cc(NC(=O)c2ccc(OC)c(OC)c2)c(OC)cc1NC(=O)c1ccc(OC)c(OC)c1,12.7800,0.3804
COc1ccc(S(=O)(=O)N(C)Cc2cccc(OC)c2NC(=O)c2cc(OC)c(OC)c(OC)c2)cc1,12.1600,0.4740
COc1ccc(OC)c(C(=O)N(CC(=O)Nc2ccccc2F)c2ccc(OC)c(OC)c2)c1,9.7900,0.5212
CNS(=O)(=O)c1ccccc1-c1ccc(NC(=O)c2ccnc(OC)c2)cc1,11.7200,0.4711
COc1ccc(S(=O)(=O)Nc2cc(OC)cc3c(OC(=O)c4cc(OC)ccc4OC)c(OC)cnc23)cc1,8.3300,0.5425
COc1ccc(NS(=O)(=O)c2ccc(OC)c(NC(=O)c3cc(OC)c(OC)c(OC)c3)c2)cc1,7.0800,0.4267
COc1cc(OC)cc(C(=O)Nc2ccc(NS(=O)(=O)c3cc(OC)ccc3OC)cc2OC)c1,9.2000,0.4676
COC(=O)c1ccc(CS(=O)(=O)Nc2cc(OC)cc(OC)c2NC(=O)c2ccc(OC)c(OC)c2)o1,15.6800,0.5265
COc1ccc(CC(=O)Nc2ccc(-c3oc(C(=O)NS(=O)(=O)c4ccc(OC)cc4)cc3OC)cc2OC)cc1,18.2700,0.5617
COc1cccc(N(C)C(=O)c2cc(S(=O)(=O)Nc3ccccc3OC)ccc2OC)c1,14.8800,0.4942
COc1ccc(S(=O)(=O)Nc2cccc(OC)c2NC(=O)c2cc(OC)c(OC)c(OC)c2)cc1,7.1700,0.4566
COc1ccc(OC)c(S(=O)(=O)N2CCN(c3nc(-c4ccc(OC)c(OC)c4)ccc3OC)CC2)c1,15.4600,0.5498
COc1cc(OC)cc(C(=O)N(CC(=O)Nc2ccccc2OC)c2ccc(OC)c(OC)c2)c1,8.0100,0.4684
COc1ccc(NS(=O)(=O)c2ccc(OC)c(NS(=O)(=O)Cc3ccccc3)c2)c(OC)c1,9.2700,0.3849
COc1ccc(-c2ccc(OC)c(S(=O)(=O)NC(=O)Cc3cccs3)c2)cc1OC,8.5400,0.4138
COc1ccc(OC)c(C(=O)N(CC(=O)Nc2ccccc2OC)c2ccccc2OC)c1,8.4100,0.4997
COc1ccc(OC)c(S(=O)(=O)Nc2cc(S(=O)(=O)Nc3ccccc3OC)ccc2OC)c1,7.8000,0.4292
COc1cc(OC)cc(C(=O)Oc2ccc(OC)c(-c3nc(-c4ccc(OC)c(OC)c4)no3)c2)c1,16.7600,0.4611
COc1cc(NC(=S)Nc2ccc(NC(=O)c3cc(OC)cc(OC)c3)c(OC)c2)cc(OC)c1,10.1100,0.3902
COc1cc(OC)cc(C(=O)Nc2ccc(S(=O)(=O)Nc3ccc(OC)cc3OC)cc2OC)c1,8.9300,0.4208
COc1ccc(S(=O)(=O)NC(=O)c2ccc(OCC(=O)Nc3cc(OC)ccc3OC)c(OC)c2)cc1,8.5800,0.4406
COc1cc(OC)cc(S(=O)(=O)Nc2cccc(OC)c2NS(=O)(=O)c2cc(OC)ccc2OC)c1,8.1300,0.4326
COc1ccc(NC(=O)c2cccc3c2ccn3-c2ccc(OC)c(OC)c2)c(OC)c1,17.3900,0.4612
COc1ccc(CC(C)C(=O)Nc2c(OC)ccc(C(=O)Nc3ccc(OC)c(OC)c3)c2OC)cc1OC,16.7600,0.5040
COc1ccc(-n2ccnc2)cc1NC(=O)c1ccc(OC)c(OC)c1,14.7000,0.3999
COc1ccc(-c2ccc(OC)c(OC)n2)cc1NC(=O)c1ccc(OC)c(OC)c1,14.4600,0.4803
COc1ccc(-c2ccc(OC)c(S(=O)(=O)NC(=O)Cc3ccc(OC)n3C)c2)cc1OC,12.5200,0.4744
COc1cc(OC)cc(N2CCN(c3cnc(-c4ccc(OC)c(OC)c4)cc3OC)CC2)c1,13.5500,0.4420
COc1ccc(-c2ccc(C(=O)Nc3ccc(OC)c(-c4ccc(NC(C)=O)cc4)c3)o2)cc1OC,14.5500,0.4634
COc1ccnc(C(=O)Nc2ccc(-c3cc(C(=O)Nc4ccc(OC)c(OC)c4)on3)cc2)c1,16.2000,0.4970
COc1ccc(NC(=O)Nc2ccc(NC(=O)Cc3cc(OC)ccc3OC)cc2OC)cc1,18.1700,0.4143
COc1cc(NS(=O)(=O)c2cc(-c3ccc(OC)c(OC)c3)ccc2OC)cc(OC)c1,9.5700,0.4076
COc1ccc(S(=O)(=O)Nc2ccc(OC(=O)C(=O)Nc3cccn(C)c3=O)c(OC)c2)cc1,16.5600,0.4587
COc1cc(NS(=O)(=O)c2ccc(NC(=O)c3c[nH]c4ccccc34)cc2)cc(OC)c1OC,23.4100,0.4612
COc1cc(NC(=O)CN(C(=O)c2cc(OC)c(OC)c(OC)c2)c2ccccc2OC)cc(OC)c1,9.9000,0.4756
COc1ccc(-c2ccc(OC)c(S(=O)(=O)Nc3ccccc3NC(C)=O)c2)cc1OC,9.9800,0.4257
COc1ccc(S(=O)(=O)Nc2ccc(S(=O)(=O)c3ccc(OC)cc3)c(OC)c2)cc1,8.8500,0.3677
COc1cc(S(=O)(=O)Nc2ccc(OC)c(OC)c2)ccc1NC(=O)Cc1ccccn1,8.9000,0.4230
COc1ccc(-c2ccc(OC)c(S(=O)(=O)NC(=O)Cc3ccc(Cl)s3)c2)cc1OC,8.2000,0.4339
COc1cc(OC)cc(S(=O)(=O)Nc2ccc(OC(=O)c3ccc(OC)c(OC)c3)cc2)c1,11.1100,0.3874
COc1ccc(CN(C)c2nc(-c3ccc(OC)c(OC)c3)ccc2OC)c(OC)c1,10.2200,0.4961
COc1ccc(S(=O)(=O)c2ccc(OC)cc2-c2ccc(NC(=O)c3cnc(C)o3)cc2)cc1,19.1000,0.4548
COC(=O)c1ccccc1NC(=O)CN(C)c1ccc(NC(=O)c2cccc(OC)c2)c(OC)c1,17.0400,0.4454
COc1cc(NS(=O)(=O)c2cc(NC(=O)c3ccc(OC)c(OC)c3)c(OC)cc2OC)cc(OC)c1,8.3200,0.4938
COc1cc(S(=O)(=O)Nc2ccc(OC)c(OC)c2)ccc1NC(=O)Cc1cccnc1,8.9300,0.4243
COc1ccc(S(=O)(=O)Nc2ccc(OC)c(OC)c2)cc1NC(=O)Cc1cccnc1,9.5800,0.4182
COc1ccc(NC(=O)c2cccc(OC)c2NC(=O)c2cc(OC)c(OC)c(OC)c2)cc1,9.2400,0.4184
COc1ccc(S(=O)(=O)c2ccc(NC(=O)Cc3cccnc3)c(OC)c2)cc1,11.3500,0.3794
COc1ccc(-c2cc(C#N)ccc2S(=O)(=O)Nc2ccc(OC)c(OC)c2)c(OC)c1,11.6300,0.4758
COc1ccc(OC)c(NC(=O)c2ccc(OC)c(NC(=O)c3cc(OC)c(OC)c(OC)c3)c2OC)c1,7.7900,0.4524
COc1ccc(-c2ccc(OC)c(S(=O)(=O)NC(=O)Cc3cccn3C)c2)cc1OC,9.5000,0.4414
CNS(=O)(=O)c1cscc1-c1ccc(OC)c(NC(=O)c2cnc(OC)c(OC)c2)c1,24.5400,0.5423
COc1cc(NC(=O)CSc2ccc(OC)c(N3CCOCC3)c2)ccc1NS(=O)(=O)c1ccc(OC)c(OC)c1,25.9200,0.4657
COc1cc(-c2ccc3nc[nH]c(=Nc4ccc(S(=O)(=O)NCCN(C)C)cc4)c3c2)cc(OC)c1OC,28.0500,0.4989
COc1ccc(OC)c(NC(=O)c2cc(OC)ccc2NS(=O)(=O)c2ccc(OC)c(OC)c2)c1,10.8100,0.4822
COc1cncc(C(=O)Nc2cc(NS(=O)(=O)c3ccccc3OC)ccc2OC)c1,11.8000,0.4675
COc1ccc(N(CC(=O)Nc2ccccc2OC)C(=O)c2cc(OC)ccc2OC)c(OC)c1,10.1600,0.5068
COc1cc(OC)c(OC)cc1NC(=O)c1ccc(OC)c(NC(=O)c2cc(OC)c(OC)c(OC)c2)c1OC,10.8500,0.4639
COc1cc(NC(=O)C(C)OC)ccc1-c1ccc(OC)c(N(C)C(=O)c2cc(OC)c(OC)c(OC)c2)n1,10.1900,0.5888
COc1ccc(S(=O)(=O)Nc2cccc(OC)c2NS(=O)(=O)c2ccc(OC)cc2)cc1,6.5900,0.3230
COc1ccc(NC(=O)c2ccc(OC)c(OC)c2OC)cc1C(=O)OC(C)C(=O)Nc1ccccc1F,22.3400,0.5055
COc1ccc(NC(=O)c2cccc(OC)c2NS(=O)(=O)c2cccc3ccccc23)cc1OC,18.3600,0.4844
COc1cccc(S(=O)(=O)Nc2cc(OC)cc(OC)c2C(=O)Nc2c(OC)cccc2OC)c1,14.4600,0.4988
COc1ccc2nccc(N(C(=O)c3ccc(OC)c(OC)c3)c3ccc(OC)c(OC)c3)c2c1,16.4800,0.4733
COc1cc(OC)c(OC)cc1NC(=S)Nc1cc(OC)c(OC)c(OC)c1,14.8600,0.2839
COc1ccc(-c2cc(OC)c(NC(=O)c3cc(OC)c(OC)c(OC)c3)s2)cc1OC,7.9600,0.4874
COc1ccc(NS(=O)(=O)c2ccc(NC(=O)c3ccccc3OC)c(OC)c2)c(OC)c1,7.3900,0.4407
COc1cc(OC)c(NS(=O)(=O)c2ccc(-c3ccc(OC)o3)cc2OC)c(OC)c1,17.3700,0.4611
COc1ccc(OC)c(NC(=O)c2cccc(OC)c2NS(=O)(=O)c2ccc(OC)c(OC)c2)c1,10.0700,0.4943
COC(=O)c1sc(N(C)C(=O)c2ccc(OC)c(OC)c2)nc1-c1ccc(OC)c(OC)c1,14.8700,0.5909
COc1ccc(NC(=O)c2ccc(OC)c(OC)c2)c(CN2CCN(c3ccc(OC)c(OC)c3)C(=O)C2)c1,22.7400,0.4647
COc1cc(NS(=O)(=O)c2ccc(OC)cc2-c2ccc(NC(=O)C(F)F)cc2)cc(OC)c1,12.7000,0.4656
COc1ccc(NC(=O)Cc2ccc(OC)c(S(=O)(=O)Nc3cccc(C)c3)c2)cc1OC,16.7900,0.4291
COc1cc(OC)c(OC)cc1CC(=O)Nc1c(OC)cccc1C(=O)Nc1ccc(OC)c(OC)c1OC,15.3100,0.5123
COc1ccc(NC(=O)c2c(NS(=O)(=O)c3cc(OC)ccc3OC)cc(OC)cc2OC)cc1,15.3700,0.5192
COc1cc(OC)cc(C(=O)Nc2ccc(OC)c(C(=S)Nc3ccc(OC)c(OC)c3)c2)c1,16.3300,0.4434
COc1cc(OC)cc(S(=O)(=O)Nc2cccc(OC)c2NS(=O)(=O)c2cc(OC)cc(OC)c2)c1,8.3000,0.3526
COc1cc(OC)cc(C(=O)N(C)c2nc(-c3ccc(OC)c(OC)c3)c(C(=O)N3CCOCC3)s2)c1,15.8800,0.6143
COc1ccc(C(=O)N(C)c2nc(-c3cc(OC)c(OC)cc3OC)ccc2OC)cc1OC,11.5200,0.5556
COc1ccc(OC)c(N(CC(=O)Nc2ccccc2OC)C(=O)c2c(N(C)C)ccc(OC)c2OC)c1,18.2200,0.5747
COc1ccccc1CC(=O)Nc1cc(C(=O)OCc2ccc(OC)c(OC)c2)ccc1OC,21.3800,0.4148
COc1ccc(S(=O)(=O)Nc2cccc(OC)c2NC(=O)c2cc(OC)c(OC)c(OC)c2)cc1OC,11.5300,0.4772
COC(=O)c1sc(-c2ccc(S(C)(=O)=O)o2)nc1N(C)C(=O)c1cc(OC)c(OC)cc1OC,24.4900,0.6613
COc1cc(-c2cc(NC(=O)c3cc(OC)c(OC)c(OC)c3)ccc2OC)ccc1NC(=O)C(C)OC,12.2400,0.4688
COc1ccc(OC(=O)c2ccc(OC)c(OC)c2OC)c(NS(=O)(=O)c2ccc(OC)c(OC)c2)c1,13.4000,0.4794
COc1ccc(S(=O)(=O)Nc2ccc(OC)c(OC)c2)cc1NC(=O)c1ccccc1OC,8.3100,0.4530
COc1cc(S(=O)(=O)Nc2ccc(OC)c(OC)c2)ccc1NC(=O)Cc1ccc(Cl)s1,14.5500,0.4366
CNS(=O)(=O)c1ccccc1-c1ccc(NC(=O)c2cc(OC)cc(OC)n2)c(F)c1,7.9300,0.5073
CNS(=O)(=O)c1ccccc1-c1ccc(NC(=O)Nc2ccc(OC)c(OC)c2)cc1,11.2400,0.4562
COc1ccc(S(=O)(=O)Nc2cccc(NC(=O)c3ccc(OC)c(OC)c3)c2)cc1,8.7600,0.3830
COc1ccc(S(=O)(=O)c2ccc(NC(=S)Nc3cc(OC)ccc3OC)cc2OC)cc1,11.4800,0.3541
COc1ccc(NC(=O)c2ccccc2NC(=O)c2ccn(-c3ccc(OC)c(OC)c3)c2)cc1OC,11.6300,0.4574
COc1cc(NC(=O)c2ccc(OC)c(OC)c2)ccc1NC(=O)c1ccc(OC)c(OC)c1,12.5500,0.3812
COc1ccc(-c2ccc(S(=O)(=O)Nc3cc(OC)cc(OC)c3)cc2)nc1,15.8300,0.3923
COc1ccc(C(=O)Nc2ccc(-c3cc(S(=O)(=O)NC(=O)OC(C)(C)C)ccc3F)cc2OC)nn1,15.4200,0.5135
COc1ccc(N(C)c2ccc(OC)c(N(C)C(=O)c3cc(OC)c(OC)c(OC)c3)n2)cc1OC,14.2700,0.5364
COc1ccc(S(=O)(=O)Nc2cc(OC)cc3c(N(C)C(=O)c4cccc(OC)c4OC)c(OC)cnc23)cc1,18.3300,0.6196
COc1ccc(-c2ccc(S(=O)(=O)NCc3ccco3)c(OC)c2)cc1OC,15.0600,0.3923
COc1cc(CN(C)c2cc[nH]c(=Nc3ccccc3NS(=O)(=O)c3ccc(OC)c(OC)c3)n2)nc(OC)c1,32.2000,0.5258
CNS(=O)(=O)c1ccccc1-c1ccc(NC(=O)c2nc(OC)c[nH]2)cc1,12.5300,0.4677
COc1ccc(C(=O)Nc2cccc(C(=O)c3ccc(NC(=O)c4ccccc4OC)cc3)c2)cc1OC,29.2400,0.4910
COc1cccc(NS(=O)(=O)c2ccc(OC)c(NC(=O)Cc3ccc(OC)c(OC)c3)c2)c1,8.1800,0.4191
COc1ccc(S(=O)(=O)Nc2ccc(OC)c(NS(=O)(=O)c3cc(OC)c(OC)cc3OC)c2)cc1,14.0700,0.4419
COc1cc(C(=O)Nc2ccc(-c3ccccc3S(=O)(=O)N(C)C)cc2)ccc1OC(C)(C)C,15.3700,0.5170
COc1cccc(C(=O)N(C)c2ccc(OC)c(NS(=O)(=O)c3cc(OC)ccc3OC)c2)c1,15.8100,0.4931
COc1ccc(C(=O)Nc2ccc(OC)c(OC)c2)cc1NC(=O)c1cc(OC)c(OC)c(OC)c1,6.4800,0.4244
COc1cc(NS(=O)(=O)c2ccc(OC)c(NC(=O)c3ccc(OC)c(OC)c3)c2)cc(OC)c1,7.5100,0.4335
COc1ccc(NS(=O)(=O)c2ccc(F)cc2)cc1NC(=O)c1ccc(OC)c(OC)c1,16.4900,0.4243
CCOc1ccc(-c2cc(C(=O)Nc3ccc(OC)c(OC)c3)nn2-c2ccc(OC)c(OC)c2)cc1OC,18.2000,0.5797
CCc1ccccc1NC(=O)CN(C(=O)c1cc(OC)c(OC)c(OC)c1)c1cc(OC)ccc1OC,8.3200,0.5131
COc1ccccc1NC(=O)c1ccc(OC)c(NC(=O)c2ccc(OC)c(OC)c2)c1OC,11.4800,0.4638
COc1cc(OC)cc(S(=O)(=O)Nc2ccc(NC(=O)c3cc(OC)c(OC)c(OC)c3)c(OC)c2)c1,10.2900,0.4259
COC(C)C(=O)Nc1ccc(-c2cccn2S(=O)(=O)c2ccc(NC(=O)C(C)OC)cc2)cc1,19.5700,0.4347
COc1ccc(S(=O)(=O)Nc2ccc(OC)cc2NS(=O)(=O)c2ccc(OC)cc2)cc1,8.3400,0.2985
COc1ccc(NS(=O)(=O)c2ccc(-c3ccc(OC)c(OC)c3)cc2OC)cc1OC,10.1600,0.3958
COc1ccc(OC)c(Oc2ccc(NC(=O)c3ccc(OC)c(OC)c3)c(OC)c2)c1,10.5200,0.4115
COc1ccc(S(=O)(=O)Nc2ccc(OC(=S)c3cc(OC)c(OC)cc3OC)c(OC)c2)cc1,10.4500,0.4085
COc1cc(NC(=O)C(C)Sc2nnc(-c3cc(OC)c(OC)cc3OC)n2C)cc(OC)c1,15.6200,0.5093
COc1ccc(OC)c(S(=O)(=O)Nc2ccc(OC(=O)c3ccccc3OC)c(OC)c2)c1,11.2700,0.4663
COc1ccc(C(=O)N(C)S(=O)(=O)c2ccc(-c3ccc(OC)c(OC)c3)cc2OC)cc1OC,8.6000,0.4675
COc1ccc(S(=O)(=O)Nc2cc(OC)c(OC)cc2C(=O)Nc2ccc(OC)cc2OC)cc1,12.2000,0.4768
COc1ccc(OC)c(NS(=O)(=O)c2ccc(OC)c(NCc3ccco3)c2)c1,18.9200,0.3918
COc1ccc(NC(=O)c2cc(S(=O)(=O)Nc3ccc(OC)cc3OC)ccc2OC)c(OC)c1,11.4600,0.4550
COc1ccc(S(=O)(=O)Nc2cc(OC)cc3c(OC(=O)c4ccc(OC)c(OC)c4)c(OC)cnc23)cc1,6.9800,0.5333
COc1cc(NC(C)=O)ccc1-c1ccc(OC)c(NC(=O)c2cnc(OC)c(OC)c2)n1,13.3900,0.5566
COc1cccc(NS(=O)(=O)c2ccc(OC)c(NC(=O)c3cccc(OC)c3)c2)c1,9.2600,0.4014
COc1cccc(S(=O)(=O)n2cc(C(N)=O)cc2-c2ccc(NC(=O)c3cnc(N(C)C)s3)c(F)c2)c1,21.6500,0.6049
COc1ccc(OC)c(S(=O)(=O)Nc2c(OC)cccc2C(=O)Nc2ccc(OC)c(OC)c2OC)c1,10.7800,0.5382
COc1cc(OC)cc(C(=O)Nc2cc(S(=O)(=O)Nc3ccc(OC)c(OC)c3)ccc2OC)c1,9.8400,0.4318
COc1ccc(CS(=O)(=O)Nc2cc(S(=O)(=O)Nc3ccccc3OC)ccc2OC)cc1,9.7900,0.3768
COc1cc(N(C)C(=O)c2cccc(OC)c2OC)ccc1NC(=O)c1ccccc1OC,16.8700,0.4507
COc1cc(NS(=O)(=O)c2ccc(NC(=O)c3cc(OC)c(OC)c(OC)c3)c(OC)c2)c2cc(OC)ccc2c1,8.1600,0.4694
COc1ccc(-c2ccc(NC(C)=O)cc2)nc1NC(=O)c1cc(OC)c(OC)c(OC)c1,9.8300,0.4979
COc1ccc(NC(=O)c2on(C(=O)c3ccc(OC)c(OC)c3)c2-c2cc(OC)c(OC)c(OC)c2)cc1OC,22.5100,0.6113
COc1cccc(S(=O)(=O)Nc2ccc(OC)c(NC(=O)c3ccc(OC)c(OC)c3)c2)c1,8.3700,0.4248
COc1cc(OC)cc(C(=O)Nc2ccc(S(=O)(=O)Nc3cc(OC)ccc3OC)cc2OC)c1,8.2400,0.4338
COc1ccc(NS(=O)(=O)c2ccc(OC)c(NC(=O)c3ccccc3OC)c2)cc1,12.3800,0.4225
CCC(=O)Nc1ccc(-c2cc(OC)ccc2S(=O)(=O)Nc2ccsc2)cc1OC,20.6200,0.4725
CNC(=O)c1cc(-c2ccc(NC(=O)C(C)OC)cc2)n(S(=O)(=O)c2cc(OC)cc(OC)c2)c1,16.7100,0.5470
COc1cc(F)c(-n2c(-c3ccc(OC)c(OC)c3)cc(OC(C)C)c2C)c(OC)c1,14.1800,0.5668
COc1cc(S(=O)(=O)Nc2ccc(OC)c(OC)c2)ccc1NC(=O)Cc1ccc(OC)c(OC)c1,13.2200,0.4272
COc1ccc(NS(=O)(=O)c2ccc(OC)c(NC(=O)CN3CCOCC3)c2)c(OC)c1,15.8400,0.4029
COc1cc(OC)cc(S(=O)(=O)Nc2c(NS(=O)(=O)c3cc(OC)ccc3OC)cccc2OC)c1,11.0500,0.4326
COc1ccc(C(=O)N(Cc2ccccc2)N(C(=O)c2ccc(OC)c(OC)c2)C(=O)c2ccc(OC)c(OC)c2)cc1OC,23.2100,0.3552
COc1ccc(Cc2cc(OC)ccc2S(=O)(=O)Nc2cc(OC)cc(OC)c2)cc1,13.7400,0.3846
COc1cncc(CC(=O)Nc2cc(-c3ccc(OC)c(OC)c3)ccc2OC)c1,15.2600,0.4085
COc1ccc(NC(=O)c2cccc(OC)c2NC(=O)c2cc(OC)c(OC)c(OC)c2)cc1OC,8.3800,0.4313
COc1ccc(S(=O)(=O)Nc2ccc(NC(=O)c3cc(OC)cc(OC)c3)c(OC)c2)cc1,7.3300,0.3898
CCc1ccccc1NC(=O)CN(C(=O)c1cc(OC)ccc1OC)c1cc(OC)ccc1OC,8.8100,0.5422
COc1cc(S(=O)(=O)Nc2cc(OC)c(OC)c(OC)c2)ccc1S(=O)(=O)N1CCCCCC1,21.7500,0.4698
COc1ccc(-c2nnc(-c3ccc(OC)c(OC)c3)o2)cc1NC(=O)c1occ(OC)c1OC,17.9400,0.5183
COc1ccc(OC)c(NC(=O)c2cccc(OC)c2NS(=O)(=O)c2cc(OC)c(OC)cc2OC)c1,9.3800,0.5343
COc1ccc(NC(=O)c2ccc(OC)c(NC(=O)c3ccc(OC)c(NC(=O)Cc4ccc(OC)c(OC)c4)c3OC)c2OC)c(OC)c1,18.5800,0.4776
COc1cc(NC(=O)Cn2cnc(-c3ccc(OC)cc3OC)c2-c2cc(C)no2)cc(OC)c1,20.2100,0.5889
COc1ccc(Oc2ccc(SC)cc2)cc1NC(=O)c1ccc(OC)c(OC)c1,19.5100,0.3920
COc1ccc2c(c1)CN(c1nc(-c3oc(-c4ccc(OC)c(OC)c4)cc3OC)ccc1OC)CC2,21.5900,0.6314
COc1ccc(OC)c(NC(C)C(=O)NS(=O)(=O)c2ccc(NC(=O)c3ccc(OC)c(OC)c3)c(OC)c2)c1,15.5800,0.4818
COc1ccc(OC)c(S(=O)(=O)Nc2cc(NS(=O)(=O)c3ccccc3)ccc2OC)c1,12.2200,0.4345
COc1ccc(S(=O)(=O)Nc2ccc(NC(=S)Nc3cc(OC)cc(OC)c3)cc2OC)cc1,13.0300,0.3382
COc1ccc(OC)c(S(=O)(=O)Nc2ccc(NC(=O)c3ccc(C)o3)c(OC)c2)c1,13.2200,0.4555
COC1=CC(C)(C)NC(=O)CN(C(=O)c2ccc(OC)c(NC(=O)Cc3ccc(OC)c(OC)c3)c2OC)C=C1,23.9600,0.5643
COc1ccc(S(=O)(=O)Nc2cc(OC)ccc2OC(=O)c2ccc(NC(=O)c3cc(OC)c(OC)c(OC)c3)c(OC)c2)cc1,11.0000,0.4962
COc1cccc(S(=O)(=O)Nc2c(OC)cccc2C(=O)Nc2ccc(OC)c(OC)c2)c1,8.5600,0.4740
COc1ccc(OC)c(S(=O)(=O)n2nc(-c3ccc(NC(=O)C(F)F)c(OC)c3)cc2OC)c1,12.5500,0.5835
COc1ccc(N=c2nc(-c3ccc(OCC(=O)O)cc3)[nH]cc2OC)cc1NC(=O)Cc1cc(OC)c(OC)cn1,20.0400,0.5148
CCc1ccccc1NC(=O)CN(C)S(=O)(=O)c1cc(-c2ccc(OC)c(OC)c2)ccc1OC,9.7100,0.4690
COc1coc(C(=O)N(Cc2nc(-c3ccsc3)oc2C)C(=O)c2ccc(OC)c(OC)c2)c1,22.4600,0.5547
COc1ccc(OC)c(CCC(=O)Nc2ccc(OC)c(NC(=O)c3ccccc3OC)c2)c1,17.5700,0.4573
COc1ccc(NS(=O)(=O)c2ccc(NC(=O)Cc3cc(C)cc(C)n3)c(OC)c2)cc1,15.9900,0.4184
COc1cccc(NS(=O)(=O)c2ccc(OC)c(NC(=O)C(C)c3ccccc3)c2)c1,15.2300,0.4065
COC(=O)NS(=O)(=O)c1ccc(N(C)Cc2cc(OC)ccc2-c2ccc(OC)c(OC)c2)cc1,20.6500,0.4429
COCCOc1ccc(NC(=O)c2cccc(OC)c2NC(=O)c2cc(OC)cc(OC)c2)cc1OC,14.7300,0.4282
COc1cc(OC)cc(C(=O)N(C)c2nc(-c3ccc(NC(=O)C4CCOCC4)c(OC)c3)ccc2OC)c1,13.1900,0.5757
COc1cc(NC(=O)c2cc(OC)ccc2NS(=O)(=O)c2cc(OC)cc(OC)c2)cc(OC)c1,17.5700,0.4400
COc1ccc(N(C)S(=O)(=O)c2ccc(NC(=O)Cc3ccccn3)c(OC)c2)c(OC)c1,12.1500,0.4693
COc1ccc(C(=O)N(C)c2nc(-c3ccc(OC)c(OC)c3)oc2NC(=O)Cc2ccccn2)cc1OC,13.6300,0.5850
COc1cc(OC)cc(N(C)c2ncc(-c3ccc(NC(=O)c4ccnc(OC)c4)c(OC)c3)cc2OC)c1,18.4100,0.5292
COc1cc(NC(=S)Nc2ccc(NC(=O)c3ccc(OC)c(OC)c3)c(OC)c2)cc(OC)c1,8.9400,0.3776
COc1ccc(-c2ccc(OC)c(OC)c2OC)nc1N(C)C(=O)c1cc(OC)c(OC)c(OC)c1,8.0800,0.5628
COc1cc(NC(=O)c2ccc(NC(=O)c3cc(OC)c(OC)c(OC)c3)c(OC)c2)cc(OC)c1,11.9600,0.3906
COc1ccc(NC(=O)c2ccc(OC)c(NC(=O)c3cc(OC)c(OC)c(OC)c3)c2OC)cc1OC,6.7600,0.4534
COc1cc(NS(=O)(=O)c2ccc(NC(=O)Cc3ccncc3)c(OC)c2)cc(OC)c1,11.6400,0.3924
CNS(=O)(=O)c1ccccc1-c1ccc(NC(=O)c2cc(OC)cc(OC)c2)c(F)c1,6.3200,0.5150
COc1ccc(S(=O)(=O)Nc2ccc(OC)cc2C(=O)Nc2cc(OC)c(OC)cc2OC)cc1,15.3100,0.4747
COc1ccc(S(=O)(=O)Nc2cccc(OC)c2NS(=O)(=O)c2ccc(OC)c(OC)c2)c(OC)c1,13.3600,0.4260
COc1ccc(OC)c(S(=O)(=O)Nc2ccc(NC(=O)c3ccc(OC)c(OC)c3)cc2)c1,6.7300,0.4689
COc1cc(OC)c(Nc2oc(-c3ccc(OC)c(OC)c3)cc2S(=O)(=O)O)c(OC)c1,23.8100,0.4942
COc1cc(OC)cc(C(=O)Nc2ccc(-c3cccc(S(=O)(=O)NC(=O)OC(C)(C)C)c3)cc2OC)c1,7.5900,0.4551
COc1ccc(S(=O)(=O)NC(=O)Cc2nc(-c3cc(OC)c(OC)c(OC)c3)oc2C)cc1OC,11.3000,0.5057
COc1cc(NS(=O)(=O)c2ccc(NC(=O)Cc3cscn3)cc2)c2ncccc2c1,11.9900,0.4401
COc1cc(NS(=O)(=O)c2ccc(NC(=O)c3ccc(OC)nc3)c(OC)c2)cc(OC)c1,10.0900,0.4811
COc1ccc(OC)c(NC(=O)N(C)c2nc(-c3ccc(OC)c(OC)c3)ccc2OC)c1,10.6400,0.4831
COc1cc(OC)cc(C(=O)N(C)c2nc(-c3ccc(NC(=O)c4ccccn4)c(OC)c3)ccc2OC)c1,15.2200,0.5753
COc1ccc(N(C)c2cc(OC)ccc2NS(=O)(=O)c2cc(OC)ccc2OC)c(OC)c1,13.9100,0.4627
COc1ccc(S(=O)(=O)NN(C(=O)c2ccc(OC)c(OC)c2)c2ccc(OC)c(OC)c2)cc1,20.3800,0.4828
COc1ccc(C(=O)Nc2ccc(C(=O)Oc3ccc(OC)cc3NS(=O)(=O)c3ccc(OC)cc3)cc2OC)cc1,12.4400,0.4629
COc1cccc(C(=O)Nc2cccc(OC)c2OC)c1NS(=O)(=O)c1cccc(C(=O)O)c1,16.9900,0.5014
COc1cc(NS(=O)(=O)c2ccc(OC)c(-n3nc(C)cc3C)c2)cc(OC)c1,12.4300,0.4574
COc1cccc(C(=O)Nc2ccc(NC(=S)Nc3ccccc3N3CCOCC3)cc2)c1,11.9600,0.3863
COc1ccc(-c2ccc(CN(C)C)o2)cc1NC(=O)c1ccc(OC)c(OC)c1,17.9000,0.4837
COc1ccc(NC(=S)Nc2cccc(OC)c2NC(=O)c2ccc(OC)c(OC)c2)cc1OC,9.2400,0.4004
COc1ccc(OC)c(C(=O)N(Cc2ccccn2)C(=O)c2cccs2)c1,21.0100,0.4554
COc1cc(NS(=O)(=O)c2ccc(NC(=O)Cc3ccsc3)c(OC)c2)cc(OC)c1,12.2600,0.4014
COc1cc(-c2cc(OC)c(OC)c(OC)c2)nnc1NC(=O)c1ccc(OC)c(OC)c1OC,18.5700,0.5287
COc1ccc(OC)c(S(=O)(=O)Nc2ccc(NC(=O)c3ccc(OC)c(OC)c3)c(OC)c2)c1,7.6200,0.4675
COc1ccc(C(=O)Nc2ccc(OCc3cccc(-c4ccc(C(=O)O)cn4)c3)cc2F)cc1OC,20.6500,0.4640
COc1ccc(OC)c(NC(=O)c2cccc(OC)c2NC(=O)c2ccc(OC)c(OC)c2OC)c1,9.5900,0.4686
COc1coc(C(=O)Nc2ccc(S(=O)(=O)NC(=O)c3cc(OC)ccc3OC)cc2OC)c1,15.1900,0.5105
COc1ccc(S(=O)(=O)Nc2cccc(OC)c2NC(=O)c2cc(OC)ccc2OC)cc1,11.0800,0.4751
COc1ccc(NC(=O)c2cccc(OC)c2NS(=O)(=O)c2ccc(OC)c(OC)c2)cc1OC,7.9800,0.4850
COc1ccc(NC(=O)c2cccc(OC)c2NC(=O)Cc2ccc(OC)c(OC)n2)cc1OC,14.8300,0.5131
COc1ccc(N(C)C(=O)c2ccc(OC)c(OC)c2)c(N(C)C(=O)c2cc(OC)c(OC)c(OC)c2)c1,12.6100,0.4104
COc1ccc(NS(=O)(=O)c2ccc(OC)c(NC(=O)c3occ(OC)c3OC)c2)c(OC)c1,10.5400,0.5062
COc1cc(OC)cc(C(=O)NS(=O)(=O)c2cc(-c3ccc(OC)c(OC)c3)ccc2OC)c1,6.1400,0.4563
COc1ccc(S(=O)(=O)N(C)C(=O)c2cc(OC)c(NC(=O)C(=O)Nc3cccc(OC)c3)cc2OC)cc1,21.8600,0.5055
COc1ccc(NS(=O)(=O)c2ccn(Cc3cc(OC)c(OC)c(OC)c3)c2)cc1,21.4900,0.3811
COc1cc(OC)c(NS(=O)(=O)c2cccs2)cc1NC(=O)c1cc(OC)c(OC)c(OC)c1,19.0600,0.4630
CCS(=O)(=O)c1ccc(-c2cc(OC)c(OC(=O)c3cc(OC)cc(OC)c3)c(OC)c2)nc1,19.2200,0.4326
COc1ccc(-c2cc(NC(=O)C3CCCO3)c(NC(=O)c3cc(OC)c(OC)c(OC)c3)cn2)cc1OC,15.4100,0.5437
COc1cc(NC(=O)CSc2nnc(CC(=O)Nc3ccc(OC)c(OC)c3)o2)cc(OC)c1,11.2700,0.3698
