Unnamed: 0,SMILES,Tanimoto
0,O=S(=O)(c1ccccc1)c1ccc(CN=C(O)C2=CC3C=NN=C3N=C2)cc1,0.3421
1,C[C@@H]1C(O)=NCCCN1C(=O)C[C@H](N)Cc1cc(F)c(F)cc1F,0.3228
2,O=S(=O)(c1ccccc1)c1ccc(CN=C(O)C2=CC3C=NC=CC3=N2)cc1,0.3686
3,O=C(O)[C@@H]1CC[C@H](c2ccccc2)N1C(=O)CN=C(O)[C@@H](S)Cc1ccccc1,0.4060
4,CC[C@H]1C(O)=Nc2ccc(F)cc2N1C(=O)OC(C)C,0.4215
5,CS(=O)(=O)n1ccc2c1NC(N1CCOCC1)=NC2c1cnc(=N)[nH]c1,0.5000
6,C[C@]12CC[C@@H]3c4ccc(O)cc4CC[C@H]3[C@@H]1C[C@@H](O)[C@H]2O,0.2969
7,C[C@]12CCc3c(ccc4cc(O)ccc34)[C@@H]1CCC2=O,0.3137
8,CS(=O)(=O)n1cc2c(n1)CN([C@H]1CO[C@H](c3cc(F)ccc3F)[C@@H](N)C1)C2,0.5086
9,C[C@@H](C(=O)N1CCOCC1)N1CC[C@H](NS(=O)(=O)c2cc3ccccc3s2)C1=O,0.4246
10,C[C@@H](C(=O)N1CCOCC1)N1CC[C@H](NS(=O)(=O)c2nc3ccccc3[nH]2)C1=O,0.3765
11,C[C@]12CC[C@@H]3c4ccc(O)cc4CC[C@H]3[C@@H]1CC[C@@H]2O,0.2854
12,O=C(O)C1=NC(c2ccccc2)=NC1C(=O)O,0.3321
13,O=C1N=C(O)/C(=C/c2ccc3c(c2)OC(F)(F)O3)S1,0.3314
14,C[C@@H](O)[C@H](N)C(O)=NS(=O)(=O)c1cccc2ccccc12,0.2865
15,CS(=O)(=O)n1ccc2c1NC(N1CCOCC1)=NC2c1cnc(=O)[nH]c1,0.5028
16,C[C@]12CC[C@@H]3c4ccc(O)cc4CC[C@H]3[C@@H]1C[C@@H](O)[C@@H]2O,0.2969
17,C[C@@H](O)[C@H](N)C(O)=NS(=O)(=O)c1ccccc1,0.2521
18,CC[C@H]1C(O)=Nc2ccc(F)cc2N1C(=O)OC(C)(C)C,0.4233
19,O=C(O)[C@@H]1CC[C@H](c2ccccc2)N1,0.2255
20,CC1=C(CCOP(=O)(O)OP(=O)(O)O)SCN1Cc1cnc(C)[nH]c1=N,0.3585
21,C[C@@H](O)[C@H](NC(=O)c1ccc(C#CC#Cc2ccccc2)cc1)C(O)=NO,0.2745
22,C[C@@H]1C(O)=NCCCN1C(=O)C[C@H](N)Cc1cc(F)c(F)cc1F,0.3228
23,O=C(O)[C@@H]1CC[C@H](c2ccccc2)N1C(=O)CN=C(O)[C@@H](S)Cc1ccccc1,0.4060
24,O=C1N=C(O)/C(=C/c2ccc3c(c2)OC(F)(F)O3)S1,0.3314
25,COC(=O)[C@@H]1C[C@H](C(=O)O)N[C@H]1[C@H](CC(C)C)N=C(C)O,0.3159
26,O=C(O)C1=NC(c2ccccc2)=NC1C(=O)O,0.3321
27,O=C(O)[C@@H](C/C=C/c1ccccc1)N=C(O)c1ccc2ccccc2c1,0.2394
28,COC(=O)[C@@H]1C[C@H](C(=O)O)N[C@H]1[C@H](CC(C)C)N=C(O)c1cccc(O)c1,0.3887
29,O=C(O)[C@H](CCCN1C(=O)[C@@]2(N=C1O)O[C@H](CO)[C@@H](O)[C@H]2O)N(O)CO,0.5180
30,O=C(O)[C@@H]1CC[C@H](c2ccccc2)N1C(=O)CN=C(O)OCc1ccccc1,0.4018
31,O=C(O)[C@H](CO)N=C(O)c1cccc(O)c1O,0.2406
32,C[C@@H]1C(O)=NCCCN1C(=O)C[C@H](N)Cc1c(F)c(F)c(F)c(F)c1F,0.3382
33,O=S1(=O)N=C(O)C=C1c1cccc(O)c1,0.2867
34,O=S(=O)(c1ccccc1)N(CCO)CC(O)=NO,0.2472
35,C[C@@H](O)[C@H](NC(=O)c1ccc(C#CC#Cc2ccccc2)cc1)C(=O)O,0.2619
36,COC(=O)[C@@H]1C[C@H](C(=O)O)N[C@H]1[C@H](CC(C)C)N=C(O)c1ccc(O)cc1,0.3760
37,O=C(O)[C@@H](C/C=C/c1ccccc1)N=C(O)c1cccc(O)c1O,0.2840
38,O=C1[C@@H](P(=O)(O)O)CCCN1c1ccc(C(F)(F)F)cc1,0.3397
39,O=CN(O)[C@@H](CCCN1C(=O)[C@@]2(N=C1O)O[C@H](CO)[C@@H](O)[C@H]2O)C(=O)O,0.5177
40,CS(=O)(=O)n1cc2c(n1)CN([C@H]1CO[C@H](c3cc(F)c(F)cc3F)[C@@H](N)C1)C2,0.5150
41,O=S(=O)(c1ccccc1)c1ccc(CN=C(O)C2=CC3C=NN=C3N=C2)cc1,0.3421
42,O=S(=O)(c1ccccc1)c1ccc(CN=C(O)C2=CC3C=NC=CC3=N2)cc1,0.3686
43,C[C@@H](O)[C@H](NC(=O)c1ccc(C#CC#Cc2ccccc2)cc1)C(O)=NO,0.2745
44,CS(=O)(=O)n1ccc2c1NC(N1CCOCC1)=NC2c1cnc(=N)[nH]c1,0.5000
45,C[C@@H](O)[C@H](N)C(O)=NS(=O)(=O)c1cccc(-c2ccc3c(=N)[nH]cnc3c2)c1,0.3849
46,CS(=O)(=O)n1cc2c(n1)CN([C@H]1CO[C@H](c3cc(F)ccc3F)[C@@H](N)C1)C2,0.5086
47,O=S(=O)(c1ccc2c(c1)CN[C@@H](CF)C2)N1CCSCC1,0.3925
48,O=C(O)[C@@H](C/C=C/c1ccccc1)N=C(O)c1ccc2ccccc2c1,0.2394
49,O=S(=O)(N1CCc2cc(O)ccc2C1)C(F)(F)F,0.3359
50,O=C1C[C@@H](N2CCOCC2)Oc2c(-c3ccc4c(c3)OCCO4)csc21,0.4853
51,C[C@]12CC[C@@H]3c4ccc(O)cc4CC[C@H]3[C@@H]1C[C@@H](O)[C@H]2O,0.2969
52,C[C@@H](O)[C@H](N)C(O)=NS(=O)(=O)c1ccccc1,0.2521
53,COC(=O)[C@@H]1C[C@H](C(=O)O)N[C@H]1[C@H](CC(C)C)N=C(C)O,0.3159
54,O=S(=O)(c1ccc(CN=C(O)n2cc3ccncc3c2)cc1)C1C=CN=C1,0.3658
55,O=C(O)[C@H](CO)N=C(O)c1cccc(O)c1O,0.2406
56,O=C(O)C1=NC(c2ccccc2)=NC1C(=O)O,0.3321
57,C[C@]12CC[C@@H]3c4ccc(O)cc4CC[C@H]3[C@@H]1C[C@@H](O)[C@@H]2O,0.2969
58,C[C@@H](C(=O)N1CCOCC1)N1CC[C@H](NS(=O)(=O)c2ccc3cc(Cl)ccc3c2)C1,0.3396
59,C[C@@H](C(=O)N1CCOCC1)N1CC[C@H](NS(=O)(=O)c2cc3cc(Cl)ccc3s2)C1,0.4066
60,CS(=O)(=O)n1cc2c(n1)CN([C@H]1CO[C@H](c3cc(F)c(F)cc3F)[C@@H](N)C1)C2,0.5150
61,C[C@@H](C(=O)N1CCOCC1)N1CC[C@H](NS(=O)(=O)c2ccc3cc(Cl)ccc3c2)C1=O,0.3801
62,N[C@@H](CC(=O)N1CCn2c(nnc2C(F)(F)F)C1)Cc1cc(F)c(F)cc1F,0.4318
63,C[C@@H]1C[C@H]2O[C@@H]2/C=C\C=C\C(=O)Cc2c(Cl)c(O)cc(O)c2C(=O)O1,0.4566
64,C[C@@H](O)[C@H](N)C(O)=NS(=O)(=O)c1cccc(-c2ccc3c(=N)[nH]cnc3c2)c1,0.3849
65,C[C@@H](C(=O)N1CCOCC1)N1CC[C@H](NS(=O)(=O)c2cc3ccc(Cl)cc3s2)C1=O,0.4443
66,O=C(O)[C@@H]1CC[C@H](c2ccccc2)N1C(=O)CN=C(O)[C@@H](S)Cc1ccccc1,0.4060
67,C[C@@H](C(=O)N1CCOCC1)N1CC[C@H](NS(=O)(=O)c2nc3ccc(Cl)cc3[nH]2)C1=O,0.4049
68,C[C@@H]1C(O)=NCCCN1C(=O)C[C@H](N)Cc1cc(F)c(F)cc1F,0.3228
69,C[C@@H](C(=O)N1CCOCC1)N1CC[C@H](NS(=O)(=O)c2cc3cc(Cl)ccc3s2)C1=O,0.4421
70,O=C(O)[C@@H](C/C=C/c1ccccc1)N=C(O)c1ccc2ccccc2c1,0.2394
71,COc1ccc2c(c1)cc(C(O)=NS(=O)(=O)Cc1ccccc1)n2CC(=O)O,0.4797
72,C[C@@H](C(=O)N1CCOCC1)N1CC[C@H](NS(=O)(=O)/C=C/c2ccc(Cl)s2)C1=O,0.3801
73,C[C@@H](C(=O)N1CCOCC1)N1CC[C@H](NS(=O)(=O)c2cc3cc(Cl)ccc3[nH]2)C1=O,0.4447
74,CS(=O)(=O)n1cc2c(n1)CN([C@H]1CO[C@H](c3cc(F)c(F)cc3F)[C@@H](O)C1)C2,0.5270
75,COc1ccc2c(c1)N(C(=O)OC(C)C)[C@@H](CSC)C(S)=N2,0.4383
76,C[C@]12CCc3c(ccc4cc(O)ccc34)[C@@H]1CCC2=O,0.3137
77,C[C@]12CCc3c(ccc4cc(O)ccc34)[C@@H]1CC[C@@H]2O,0.3223
78,C[C@@H](O)[C@H](N)C(O)=NS(=O)(=O)c1ccccc1,0.2521
79,CS(=O)(=O)Nc1ccc([N+](=O)[O-])cc1OC1CCCCC1,0.2983
80,O=S(=O)(c1ccccc1)c1ccc(CN=C(O)C2=CC3C=NC=CC3=N2)cc1,0.3686
81,O=C(O)[C@@H](C/C=C/c1ccccc1)N=C(O)c1ccc2ccccc2c1,0.2394
82,CS(=O)(=O)n1ccc2c1NC(N1CCOCC1)=NC2c1cnc(=N)[nH]c1,0.5000
83,O=C1C[C@@H](N2CCOCC2)Oc2c(-c3ccc4c(c3)OCCO4)csc21,0.4853
84,C[C@@H]1C(O)=NCCCN1C(=O)C[C@H](N)Cc1cc(F)c(F)cc1F,0.3228
85,C[C@]12CCc3c(ccc4cc(O)ccc34)[C@@H]1CCC2=O,0.3137
86,O=C(O)C1=NC(c2ccccc2)=NC1C(=O)O,0.3321
87,O=S(=O)(c1cccc2cnccc12)N1CCC[C@@H]1C(O)=NO,0.3959
88,CS(=O)(=O)n1ccc2c1NC(N1CCOCC1)=NC2c1cnc(=O)[nH]c1,0.5028
89,C[C@]12CC[C@@H]3c4ccc(O)cc4CC[C@H]3[C@@H]1C[C@@H](O)[C@H]2O,0.2969
90,C[C@]12CC[C@@H]3c4ccc(O)cc4CC[C@H]3[C@@H]1CC[C@@H]2O,0.2854
91,O=C(O)[C@H](CCCN1C(=O)[C@@]2(N=C1O)O[C@H](CO)[C@@H](O)[C@H]2O)N(O)CO,0.5180
92,O=C(O)[C@@H](C/C=C/c1ccccc1)N=C(O)c1cccc(O)c1O,0.2840
93,O=C(O)[C@@H](C/C=C/c1ccccc1)N=C(O)c1ccc2c(c1)OCO2,0.2961
94,O=S(=O)(c1ccccc1)N1CCC[C@@H]1C(O)=NO,0.3325
95,COc1ccc2c(c1)N(C(=O)OC(C)C)[C@@H](CSC)C(S)=N2,0.4383
96,C[C@]12CCc3c(ccc4cc(O)ccc34)[C@@H]1CC[C@@H]2O,0.3223
97,O=S(=O)(c1cccc2cnccc12)N1CCCNCC1,0.3068
98,C[C@H](N=C(O)CCc1nc(O)c2ccccc2n1)c1ccncc1,0.3146
99,C[C@]12CC[C@@H]3c4ccc(O)cc4CC[C@H]3[C@@H]1C[C@@H](O)[C@@H]2O,0.2969
100,O=C(O)c1ccc(O[C@H]2CC[C@H](N=C(O)N[C@]34C[C@H]5C[C@H](C[C@H](C5)C3)C4)CC2)cc1,0.2742
101,CS(=O)(=O)n1cc2c(n1)CN([C@H]1CO[C@H](c3cc(F)c(F)cc3F)[C@@H](N)C1)C2,0.5150
102,N[C@@H](CC(=O)N1CCn2c(nnc2C(F)(F)F)C1)Cc1cc(F)c(F)cc1F,0.4318
103,O=C1[C@@H](NS(=O)(=O)c2ccc3cc(Cl)ccc3c2)CCN1c1ccc2c(c1F)CCNC2,0.5322
104,O=C1[C@@H](NS(=O)(=O)c2ccc3cc(Cl)ccc3c2)CCN1c1ccc([C@H]2CCCN2)cc1F,0.4979
105,C[C@@H](C(=O)N1CCOCC1)N1CC[C@H](NS(=O)(=O)c2ccc3cc(Cl)ccc3c2)C1=O,0.3801
106,C[C@@H](C(=O)N1CCOCC1)N1CC[C@H](NS(=O)(=O)c2cc3ccc(Cl)cc3s2)C1=O,0.4443
107,COc1ccc2c(c1)cc(C(O)=NS(=O)(=O)c1ccc3ccccc3c1)n2CC(=O)O,0.4916
108,C[C@@H](O)[C@H](NC(=O)c1ccc(C#CC#Cc2ccccc2)cc1)C(O)=NO,0.2745
109,COC(=O)c1c(O)cccc1OC/C=C/c1cccc(-c2onc(C(=O)O)c2CO)c1,0.4526
110,O=C1C[C@@H](N2CCOCC2)Oc2c(-c3ccc4c(c3)OCCO4)csc21,0.4853
111,COC(=O)c1c(O)cccc1OC/C=C/c1ccc(F)c(-c2cc(C(=O)O)no2)c1,0.4371
112,O=S(=O)(c1ccccc1)c1ccc(CN=C(O)C2=CC3C=NN=C3N=C2)cc1,0.3421
113,O=C1[C@@H](NS(=O)(=O)c2ccc3cc(Cl)ccc3c2)CCN1c1ccc2c(c1F)CCCC2,0.5261
114,C[C@@H](O)[C@H](NC(=O)c1ccc(C#Cc2ccccc2)cc1)C(O)=NO,0.2719
115,O=S(=O)(c1ccc2c(c1)CN[C@@H](CF)C2)N1CCSCC1,0.3925
116,O=C(O)[C@@H](C/C=C/c1ccccc1)N=C(O)c1ccc2ccccc2c1,0.2394
117,O=C1[C@@H](NS(=O)(=O)c2ccc3cc(Cl)ccc3c2)CCN1c1ccc2c(c1F)CCC2,0.5185
118,C[C@@H](C(=O)O)c1ccc(-c2ccccc2)c(F)c1,0.2489
119,O=C1[C@@H](NS(=O)(=O)c2ccc3cc(Cl)ccc3c2)CCN1c1ccc([C@H]2CCCN2)cc1Cl,0.5105
120,C[C@@H]1C[C@H]2O[C@@H]2/C=C\C=C\C(=O)Cc2c(Cl)c(O)cc(O)c2C(=O)O1,0.4566
121,O=C(O)[C@@H]1CC[C@H](c2ccccc2)N1C(=O)CN=C(O)[C@@H](S)Cc1ccccc1,0.4060
122,C[C@@H](O)[C@H](NC(=O)c1ccc(C#CC#Cc2ccccc2)cc1)C(O)=NO,0.2745
123,O=S(=O)(c1ccccc1)c1ccc(CN=C(O)C2=CC3C=NC=CC3=N2)cc1,0.3686
124,C[C@@H]1C(O)=NCCCN1C(=O)C[C@H](N)Cc1cc(F)c(F)cc1F,0.3228
125,O=S(=O)(c1ccccc1)c1ccc(CN=C(O)C2=CC3C=NN=C3N=C2)cc1,0.3421
126,CC[C@@H](C)C(SC[C@H](N)C(=O)O)(c1ccccc1)c1ccccc1,0.2793
127,O=C(O)[C@@H](C/C=C/c1ccccc1)N=C(O)c1ccc2ccccc2c1,0.2394
128,O=C(O)[C@@H](C/C=C/c1ccccc1)N=C(O)c1ccc2c(c1)OCO2,0.2961
129,O=C(O)[C@H](CO)N=C(O)c1cccc(O)c1O,0.2406
130,C[C@]12CC[C@@H]3c4ccc(O)cc4CC[C@H]3[C@@H]1C[C@@H](O)[C@H]2O,0.2969
131,O=S(=O)(c1ccc2c(c1)CN[C@@H](CF)C2)N1CCSCC1,0.3925
132,Cc1ncc(COP(=O)(O)O)c(/C=N/[C@@H](C)C(=O)O)c1O,0.3571
133,O=S(=O)(c1ccc(CN=C(O)n2cc3ccncc3c2)cc1)C1(CO)CCNCC1,0.3859
134,C[C@@H](C(=O)O)c1ccc(-c2ccccc2)c(F)c1,0.2489
135,C[C@@H](O)[C@H](N)C(O)=NS(=O)(=O)c1ccccc1,0.2521
136,O=S(=O)(c1ccc(CN=C(O)n2cc3ccncc3c2)cc1)C1(CO)CCOCC1,0.3890
137,O=S(=O)(c1ccccc1)N(CCO)CC(O)=NO,0.2472
138,C[C@@H](O)[C@H](N)C(O)=NS(=O)(=O)c1cccc(-c2ccccc2)c1,0.3033
139,O=P(O)(O)OC[C@@H](Cc1ccccc1)N=C(O)CCc1ccc(O)cc1,0.2312
140,CS(=O)(=O)n1cc2c(n1)CN([C@H]1CO[C@H](c3cc(F)c(F)cc3F)[C@@H](N)C1)C2,0.5150
141,O=S(=O)(c1ccc(CN=C(O)n2cc3ccncc3c2)cc1)C1CCN(C2CCOCC2)CC1,0.3752
142,COc1ccc2c(c1)cc(C(O)=NS(=O)(=O)N1CCOCC1)n2CC(=O)O,0.4760
143,COc1ccc2c(c1)cc(C(O)=NS(=O)(=O)c1ccc3ccccc3c1)n2CC(=O)O,0.4916
144,O=C(O)[C@@H]1CC[C@H](c2ccccc2)N1C(=O)CN=C(O)[C@@H](S)Cc1ccccc1,0.4060
145,O=C(O)C1=C(C(O)=Nc2ccc(-c3cccc(OC(F)(F)F)c3)cc2F)CCC1,0.3668
146,C[C@@H](O)[C@H](N)C(O)=NS(=O)(=O)c1cccc(-c2ccc3c(=N)[nH]cnc3c2)c1,0.3849
147,O=S(=O)(c1ccccc1)c1ccc(CN=C(O)C2=CC3C=NN=C3N=C2)cc1,0.3421
148,O=S(=O)(c1ccccc1)c1ccc(CN=C(O)C2=CC3C=NC=CC3=N2)cc1,0.3686
149,COC(=O)c1c(O)cccc1OC/C=C/c1ccc(F)c(-c2cc(C(=O)O)no2)c1,0.4371
150,COc1cc2c(cc1OC)[C@@H]1C[C@H](N)[C@@H](c3cccc(CF)c3)CN1CC2,0.4376
151,COc1ccc2c(c1)cc(C(O)=NS(=O)(=O)Cc1ccccc1)n2CC(=O)O,0.4797
152,O=S(=O)(c1ccc2c(c1)CN[C@@H](CF)C2)N1CCSCC1,0.3925
153,COC(=O)[C@@H]1C[C@H](C(=O)O)N[C@H]1[C@H](CC(C)C)N=C(O)c1ccc(-c2ccccc2)cc1,0.3836
154,COC(=O)[C@@H]1C[C@H](C(=O)O)N[C@H]1[C@H](CC(C)C)N=C(C)O,0.3159
155,O=C1C[C@@H](N2CCOCC2)Oc2c(-c3ccc4c(c3)OCCO4)csc21,0.4853
156,O=S1(=O)N=C(O)C[C@H]1c1ccc(C[C@H](N=C(O)C(F)(F)F)c2ccccc2)cc1,0.3623
157,COC(=O)[C@H](COC=O)N=C(O)c1cccc(O)c1O,0.2674
158,O=C(O)[C@H](CO)N=C(O)c1cccc(O)c1O,0.2406
159,COc1ccc2c(c1)N(C(=O)OC(C)C)[C@@H](CSC)C(S)=N2,0.4383
160,C[C@]12CC[C@@H]3c4ccc(O)cc4CC[C@H]3[C@@H]1C[C@@H](O)[C@H]2O,0.2969
161,O=C(O)[C@@H](C/C=C/c1ccccc1)N=C(O)c1ccc2ccccc2c1,0.2394
162,COc1cc2c(cc1O)CC[C@@H]1[C@@H]2CC[C@]2(C)[C@@H](OS(N)(O)O)CC[C@@H]12,0.3534
163,COc1cc2c(cc1OC)[C@@H]1C[C@H](N)[C@@H](N3C[C@@H](CF)CC3=O)CN1CC2,0.4605
164,COC(=O)[C@@H]1C[C@H](C(=O)O)N[C@H]1[C@H](CC(C)C)N=C(C)O,0.3159
165,COc1cc2c(cc1OC)[C@@H]1C[C@H](N)[C@@H](c3cccc(CF)c3)CN1CC2,0.4376
166,C[C@]12CCc3c(ccc4cc(O)ccc34)[C@@H]1CCC2=O,0.3137
167,O=C(O)[C@]1(O)C=C([C@H](O)Cc2ccccc2)[C@@H](O)[C@H](O)C1,0.3259
168,C[C@]12CC[C@@H]3c4ccc(O)cc4CC[C@H]3[C@@H]1CC[C@@H]2O,0.2854
169,COc1ccc2c(c1)cc(C(O)=NS(=O)(=O)C1CC1)n2CC(=O)O,0.4864
170,O=C(O)[C@@H]1CC[C@H](c2ccccc2)N1C(=O)CN=C(O)OCc1ccccc1,0.4018
171,O=C(O)C1=NC(c2ccccc2)=NC1C(=O)O,0.3321
172,O=C(O)[C@H]1CCCC[C@H]1C(=O)N1CCc2cc(O)ccc2[C@H]1c1ccc(O)cc1,0.4098
173,O=C(O)[C@H]1CCCC[C@H]1C(=O)N1CCc2cc(O)c(O)cc2C1,0.3812
174,COc1ccc(S(=O)(=O)N(CC(C)C)C[C@@H](O)NO)cc1,0.2905
175,O=S(=O)(c1ccccc1)N(CCO)CC(O)=NO,0.2472
176,C[C@]12CC[C@@H]3c4ccc(O)cc4CC[C@H]3[C@@H]1C[C@@H](O)[C@@H]2O,0.2969
177,COc1cc2c(cc1O)CC[C@@H]1[C@@H]2CC[C@]2(C)[C@@H](O)CC[C@@H]12,0.3237
178,O=C(O)[C@@H](C/C=C/c1ccccc1)N=C(O)c1cccc(O)c1O,0.2840
179,COC(=O)[C@@H]1C[C@H](C(=O)O)N[C@H]1[C@H](CC(C)C)N=C(O)c1ccccc1,0.3677
180,C[C@@H]1C[C@H]2O[C@@H]2/C=C\C=C\C(=O)Cc2c(Cl)c(O)cc(O)c2C(=O)O1,0.4566
181,O=S(=O)(c1ccccc1)c1ccc(CN=C(O)C2=CC3C=NC=CC3=N2)cc1,0.3686
182,O=C(O)[C@@H]1CC[C@H](c2ccccc2)N1C(=O)CN=C(O)[C@@H](S)Cc1ccccc1,0.4060
183,O=S(=O)(c1ccccc1)c1ccc(CN=C(O)C2=CC3C=NN=C3N=C2)cc1,0.3421
184,CS(=O)(=O)n1cc2c(n1)CN([C@H]1CO[C@H](c3cc(F)ccc3F)[C@@H](N)C1)C2,0.5086
185,C[C@@H]1CCN(C(=O)CC#N)C[C@@H]1N(C)c1ncnc2[nH]ccc12,0.4065
186,O=S(=O)(c1ccc2c(c1)CN[C@@H](CF)C2)N1CCSCC1,0.3925
187,O=C1C[C@@H](N2CCOCC2)Oc2c(-c3ccc4c(c3)OCCO4)csc21,0.4853
188,O=C(O)[C@@H](C/C=C/c1ccccc1)N=C(O)c1ccc2ccccc2c1,0.2394
189,C[C@]12CC[C@@H]3c4ccc(O)cc4CC[C@H]3[C@@H]1C[C@@H](O)[C@H]2O,0.2969
190,COc1ccc2c(c1)cc(C(O)=NS(=O)(=O)N1CCOCC1)n2CC(=O)O,0.4760
191,C[C@@H](C(=O)N1CCOCC1)N1CC[C@H](NS(=O)(=O)c2cc3ccccc3s2)C1=O,0.4246
192,C#Cc1cn([C@@H]2O[C@H](CO)[C@@H](O)C2(F)F)c(=O)nc1O,0.4776
193,COC(=O)[C@@H]1C[C@H](C(=O)O)N[C@H]1[C@H](CC(C)C)N=C(C)O,0.3159
194,O=C1[C@@H](O)[C@H](O)C[C@](O)(C(=O)O)[C@@H]1Cc1c(F)c(F)c(F)c(F)c1F,0.3848
195,COc1ccc2c(c1)N(C(=O)OC(C)C)[C@@H](CSC)C(S)=N2,0.4383
196,C#Cc1cn([C@@H]2O[C@H](CO)[C@@H](O)[C@@H]2C)c(=O)nc1O,0.4150
197,C[C@]12CC[C@@H]3c4ccc(O)cc4CC[C@H]3[C@@H]1CC[C@@H]2O,0.2854
198,COc1ccc([C@@H]2CN=C(O)C2)cc1OC1CCCC1,0.2947
199,O=S(=O)(c1cccc2cnccc12)N1CCCNCC1,0.3068
200,COc1cc2c(cc1OC)[C@@H]1C[C@H](N)[C@@H](c3cccc(CF)c3)CN1CC2,0.4376
201,C[C@@H]1C[C@H]2O[C@@H]2/C=C\C=C\C(=O)Cc2c(Cl)c(O)cc(O)c2C(=O)O1,0.4566
202,O=C(O)[C@@H]1CC[C@H](c2ccccc2)N1C(=O)CN=C(O)[C@@H](S)Cc1ccccc1,0.4060
203,O=C1C[C@@H](N2CCOCC2)Oc2c(-c3ccc4c(c3)OCCO4)csc21,0.4853
204,O=S(=O)(c1ccccc1)c1ccc(CN=C(O)C2=CC3C=NN=C3N=C2)cc1,0.3421
205,O=S(=O)(c1ccccc1)c1ccc(CN=C(O)C2=CC3C=NC=CC3=N2)cc1,0.3686
206,COC(=O)[C@@H]1CS[C@]2(c3ccccc3)c3ccccc3C(=O)N12,0.5288
207,C[C@@H]1CCN(C(=O)CC#N)C[C@@H]1N(C)c1ncnc2[nH]ccc12,0.4065
208,C[C@]12CC[C@@H]3c4ccc(O)cc4CC[C@H]3[C@@H]1C[C@@H](O)[C@H]2O,0.2969
209,C[C@]12CCc3c(ccc4cc(O)ccc34)[C@@H]1CCC2=O,0.3137
210,C[C@@H](C(=O)N1CCOCC1)N1CC[C@H](NS(=O)(=O)c2nc3ccccc3[nH]2)C1=O,0.3765
211,O=S(=O)(c1ccc2c(c1)CN[C@@H](CF)C2)N1CCSCC1,0.3925
212,C[C@@H](C(=O)N1CCOCC1)N1CC[C@H](NS(=O)(=O)c2cc3ccccc3s2)C1=O,0.4246
213,C[C@]12CC[C@@H]3c4ccc(O)cc4CC[C@H]3[C@@H]1CC[C@@H]2O,0.2854
214,C[C@@H](C(=O)N1CCOCC1)N1CC[C@H](NS(=O)(=O)c2nc3ccccc3s2)C1=O,0.4342
215,COC(=O)[C@@H]1C[C@H](C(=O)O)N[C@H]1[C@H](CC(C)C)N=C(C)O,0.3159
216,C[C@]12CC[C@@H]3c4ccc(O)cc4CC[C@H]3[C@@H]1C[C@@H](O)[C@@H]2O,0.2969
217,O=S(=O)(c1ccc2c(c1)CN[C@@H](CF)C2)N1CCOCC1,0.3900
218,O=C(O)[C@H]1CCCC[C@H]1C(=O)N1CCc2ccccc2[C@H]1CN1C(=O)c2ccccc2[C@H]1O,0.5085
219,O=S1(=O)N=C(O)C=C1c1cccc(O)c1,0.2867
220,CC1=C(CCOP(=O)(O)OP(=O)(O)O)SCN1Cc1cnc(C)[nH]c1=N,0.3585
221,O=C(O)[C@@H](C/C=C/c1ccccc1)N=C(O)c1ccc2ccccc2c1,0.2394
222,O=C(O)[C@]1(O)C=C(CCC(O)=Nc2ccccc2)[C@@H](O)[C@H](O)C1,0.3005
223,CS(=O)(=O)n1ccc2c1NC(N1CCOCC1)=NC2c1cnc(=N)[nH]c1,0.5000
224,COC(=O)[C@@H]1C[C@H](C(=O)O)N[C@H]1[C@H](CC(C)C)N=C(C)O,0.3159
225,O=C(O)C1=NC(c2ccccc2)=NC1C(=O)O,0.3321
226,COc1ccc2c(c1)N(C(=O)OC(C)C)[C@@H](CSC)C(S)=N2,0.4383
227,O=C(N=C(O)c1ccccc1)N[C@@H]1O[C@H](CO)[C@@H](O)[C@H](O)[C@H]1O,0.3361
228,O=S(=O)(c1ccccc1)N(CCO)CC(O)=NO,0.2472
229,CS(=O)(=O)Nc1ccc([N+](=O)[O-])cc1OC1CCCCC1,0.2983
230,O=S1(=O)N=C(O)C=C1c1cccc(O)c1,0.2867
231,O=C(O)[C@]1(O)C=C([C@H](O)Cc2ccccc2)[C@@H](O)[C@H](O)C1,0.3259
232,O=C(O)[C@@H](C/C=C/c1ccccc1)N=C(O)c1cccc(O)c1O,0.2840
233,CS(=O)(=O)n1ccc2c1NC(N1CCOCC1)=NC2c1cnc(=O)[nH]c1,0.5028
234,O=S(=O)(N1CCc2cc(O)ccc2C1)C(F)(F)F,0.3359
235,O=C(O)[C@@H](C/C=C/c1ccccc1)N=C(O)c1ccc2c(c1)OCO2,0.2961
236,O=S(=O)(c1ccccc1)N1CCC[C@@H]1C(O)=NO,0.3325
237,Cc1ncc(COP(=O)(O)O)c(/C=N/[C@@H](C)C(=O)O)c1O,0.3571
238,O=S(=O)(c1ccccc1)N(CCO)CCO,0.2075
239,CS(=O)(=O)Nc1ccc([N+](=O)[O-])cc1OC1CCOCC1,0.3015
240,CS(=O)(=O)n1cc2c(n1)CN([C@H]1CO[C@H](c3cc(F)c(F)cc3F)[C@@H](N)C1)C2,0.5150
241,C[C@@H](C(=O)N1CCOCC1)N1CC[C@H](NS(=O)(=O)c2cc3ccc(Cl)cc3s2)C1=O,0.4443
242,CS(=O)(=O)n1ccc2c1NC(N1CCOCC1)=NC2c1cnc(=N)[nH]c1,0.5000
243,O=C1C[C@@H](N2CCOCC2)Oc2c(-c3ccc4c(c3)OCCO4)csc21,0.4853
244,COc1cc2c(cc1OC)[C@@H]1C[C@H](N)[C@@H](c3cccc(CF)c3)CN1CC2,0.4376
245,O=S(=O)(c1ccccc1)c1ccc(CN=C(O)C2=CC3C=NN=C3N=C2)cc1,0.3421
246,COc1ccc2c(c1)cc(C(O)=NS(=O)(=O)N1CCOCC1)n2CC(=O)O,0.4760
247,O=S(=O)(c1ccccc1)c1ccc(CN=C(O)C2=CC3C=NC=CC3=N2)cc1,0.3686
248,CS(=O)(=O)n1cc2c(n1)CN([C@H]1CO[C@H](c3ccc(F)c(F)c3)[C@@H](N)C1)C2,0.4855
249,COC(=O)[C@@H]1CS[C@]2(c3ccccc3)c3ccccc3C(=O)N12,0.5288
250,O=C(O)[C@@H](C/C=C/c1ccccc1)N=C(O)c1ccc2ccccc2c1,0.2394
251,CS(=O)(=O)n1cc2c(n1)CN([C@H]1CO[C@H](c3cc(F)ccc3F)[C@@H](N)C1)C2,0.5086
252,C[C@]12CCc3c(ccc4cc(O)ccc34)[C@@H]1CCC2=O,0.3137
253,CS(=O)(=O)n1ccc2c1NC(N1CCOCC1)=NC2c1cnc(=O)[nH]c1,0.5028
254,O=S(=O)(c1ccc2c(c1)CN[C@@H](CF)C2)N1CCSCC1,0.3925
255,O=C(O)C1=NC(c2ccccc2)=NC1C(=O)O,0.3321
256,CS(=O)(=O)Nc1ccc([N+](=O)[O-])cc1OC1CCCCC1,0.2983
257,C[C@]12CCc3c(ccc4cc(O)ccc34)[C@@H]1CC[C@@H]2O,0.3223
258,C[C@@H](C(=O)O)c1ccc(-c2ccccc2)c(F)c1,0.2489
259,O=S1(=O)N=C(O)C=C1c1cccc(O)c1,0.2867
260,C[C@@H]1C(O)=NCCCN1C(=O)C[C@H](N)Cc1cc(F)c(F)cc1F,0.3228
261,O=C(O)[C@@H]1CC[C@H](c2ccccc2)N1C(=O)CN=C(O)[C@@H](S)Cc1ccccc1,0.4060
262,O=S(=O)(c1ccccc1)c1ccc(CN=C(O)C2=CC3C=NN=C3N=C2)cc1,0.3421
263,O=C(O)[C@@H](C/C=C/c1ccccc1)N=C(O)c1ccc2ccccc2c1,0.2394
264,CS(=O)(=O)n1cc2c(n1)CN([C@H]1CO[C@H](c3cc(F)ccc3F)[C@@H](N)C1)C2,0.5086
265,CS(=O)(=O)n1ccc2c1NC(N1CCOCC1)=NC2c1cnc(=N)[nH]c1,0.5000
266,COc1ccc2c(c1)cc(C(O)=NS(=O)(=O)Cc1ccccc1)n2CC(=O)O,0.4797
267,COc1ccc2c(c1)cc(C(O)=NS(=O)(=O)N1CCOCC1)n2CC(=O)O,0.4760
268,O=S(=O)(c1ccccc1)c1ccc(CN=C(O)C2=CC3C=NC=CC3=N2)cc1,0.3686
269,Cc1c(O)nc(=O)n(COCCO)c1Sc1ccccc1,0.3751
270,CS(=O)(=O)Nc1ccc([N+](=O)[O-])cc1OC1CCCCC1,0.2983
271,COC(=O)[C@H](COC=O)N=C(O)c1cccc(O)c1O,0.2674
272,O=C(O)C1=C(C(O)=Nc2ccc(-c3cccc(O)c3)cc2F)CCC1,0.3440
273,O=C(O)[C@@H]1CC[C@H](c2ccccc2)N1C(=O)CN=C(O)OCc1ccccc1,0.4018
274,CS(=O)(=O)n1ccc2c1NC(N1CCOCC1)=NC2c1cnc(=O)[nH]c1,0.5028
275,O=C(O)[C@H](CO)N=C(O)c1cccc(O)c1O,0.2406
276,O=C(O)[C@@H](C/C=C/c1ccccc1)N=C(O)c1ccc2cccc(O)c2n1,0.3834
277,O=C(O)[C@@H](C/C=C/c1ccccc1)N=C(O)c1ccc2cccc(O)c2c1,0.2646
278,CS(=O)(=O)n1cc2c(n1)CN([C@H]1CO[C@H](c3cc(F)c(F)cc3F)OC1)C2,0.4491
279,CS(=O)(=O)n1cc2c(n1)CN([C@H]1CO[C@H](c3cc(F)c(F)cc3F)C[C@@H]1F)C2,0.5240
280,CC1=C(CCOP(=O)(O)OP(=O)(O)O)SCN1Cc1cnc(C)[nH]c1=N,0.3585
281,CS(=O)(=O)n1cc2c(n1)CN([C@H]1CO[C@H](c3cc(F)c(F)cc3F)[C@@H](N)C1)C2,0.5150
282,C[C@@H](C(=O)N1CCOCC1)N1CC[C@H](NS(=O)(=O)c2cc3ccc(Cl)cc3s2)C1=O,0.4443
283,CC[C@@H](C)C(SC[C@H](N)C(=O)O)(c1ccccc1)c1ccccc1,0.2793
284,C[C@@H](C(=O)N1CCOCC1)N1CC[C@H](NS(=O)(=O)c2cc3cc(Cl)ccc3s2)C1=O,0.4421
285,C[C@@H](O)[C@H](N)C(O)=NS(=O)(=O)c1cccc(-c2ccc3c(=N)[nH]cnc3c2)c1,0.3849
286,CS(=O)(=O)n1ccc2c1NC(N1CCOCC1)=NC2c1cnc(=N)[nH]c1,0.5000
287,Cc1ncc(COP(=O)(O)O)c(/C=N/[C@@H](CCC(=O)O)C(=O)O)c1O,0.3794
288,Cc1ccc([C@H](CCC(=O)N(C)O)P(=O)(O)O)cc1,0.2338
289,C[C@@H](C(=O)N1CCOCC1)N1CC[C@H](NS(=O)(=O)c2cc3cc(Cl)ccc3[nH]2)C1=O,0.4447
290,O=C(O)[C@H](CO)N=C(O)c1cccc(O)c1O,0.2406
291,COc1ccc2c(c1)N(C(=O)OC(C)C)[C@@H](CSC)C(S)=N2,0.4383
292,O=C(O)[C@@H](C/C=C/c1ccccc1)N=C(O)c1ccc2ccccc2c1,0.2394
293,Cc1ncc(COP(=O)(O)O)c(/C=N/[C@H](C)C(=O)O)c1O,0.3571
294,CS(=O)(=O)n1ccc2c1NC(N1CCOCC1)=NC2c1cnc(=O)[nH]c1,0.5028
295,O=C(O)[C@@H](C/C=C/c1ccccc1)N=C(O)c1cccc(O)c1O,0.2840
296,O=P(O)(O)OC[C@H]1O[C@@H](n2cnc3c(O)ncnc32)[C@H](O)[C@@H]1O,0.4714
297,C[C@@H](O)[C@H](N)C(O)=NS(=O)(=O)c1ccccc1,0.2521
298,CS(=O)(=O)Nc1ccc([N+](=O)[O-])cc1OC1CCCCC1,0.2983
299,C[C@@H](C(=O)O)c1ccc(-c2ccccc2)c(F)c1,0.2489
300,O=C(O)c1ccc(O[C@H]2CC[C@H](N=C(O)N[C@]34C[C@H]5C[C@H](C[C@H](C5)C3)C4)CC2)cc1,0.2742
301,C[C@@H](C(=O)N1CCOCC1)N1CC[C@H](NS(=O)(=O)c2cc3ccc(Cl)cc3s2)C1=O,0.4443
302,O=S(=O)(c1ccccc1)c1ccc(CN=C(O)C2=CC3C=NN=C3N=C2)cc1,0.3421
303,C[C@@H]1C[C@H]2O[C@@H]2/C=C\C=C\C(=O)Cc2c(Cl)c(O)cc(O)c2C(=O)O1,0.4566
304,COc1cc2c(cc1OC)[C@@H]1C[C@H](N)[C@@H](c3cccc(CF)c3)CN1CC2,0.4376
305,O=S(=O)(c1ccccc1)c1ccc(CN=C(O)C2=CC3C=NC=CC3=N2)cc1,0.3686
306,O=C(O)C1=C(C(O)=Nc2ccc(-c3cccc(OC(F)(F)F)c3)cc2F)CCC1,0.3668
307,C[C@]1(c2ccccc2)CC(=O)N(CCOc2ccc(F)c(C#N)c2)C1,0.3567
308,C[C@]12CCc3c(ccc4cc(O)ccc34)[C@@H]1CCC2=O,0.3137
309,COC(=O)c1c(O)cccc1OC/C=C/c1cccc(-c2onc(C(=O)O)c2CO)c1,0.4526
310,O=C1C[C@@H](N2CCOCC2)Oc2c(-c3ccc4c(c3)OCCO4)csc21,0.4853
311,O=C(O)[C@@H](C/C=C/c1ccccc1)N=C(O)c1ccc2ccccc2c1,0.2394
312,COc1cc2c(cc1OC)[C@@H]1C[C@H](N)[C@@H](N3C[C@@H](CF)CC3=O)CN1CC2,0.4605
313,O=S(=O)(c1ccc2c(c1)CN[C@@H](CF)C2)N1CCSCC1,0.3925
314,C[C@@H](C(=O)N1CCOCC1)N1CC[C@H](NS(=O)(=O)/C=C/c2ccc(Cl)s2)C1=O,0.3801
315,C[C@]1(c2ccccc2)CC(=O)N(CCOc2ccc(F)c(C#N)c2)C1=O,0.3979
316,C[C@]12CC[C@@H]3c4ccc(O)cc4CC[C@H]3[C@@H]1CC[C@@H]2O,0.2854
317,C[C@]12CC[C@@H]3c4ccc(O)cc4CC[C@H]3[C@@H]1C[C@@H](O)[C@H]2O,0.2969
318,O=C(O)C1=C(C(O)=Nc2ccc(-c3cccc(OC(F)(F)F)c3)cc2F)CC1,0.3569
319,C[C@]12CCc3c(ccc4cc(O)ccc34)[C@@H]1CC[C@@H]2O,0.3223
320,CC1=C(CCOP(=O)(O)OP(=O)(O)O)SCN1Cc1cnc(C)[nH]c1=N,0.3585
321,O=C(O)[C@]1(O)C=C([C@H](O)Cc2ccccc2)[C@@H](O)[C@H](O)C1,0.3259
322,C[C@]1(c2ccccc2)CC(=O)N(CCOc2ccc(F)c(C#N)c2)C1,0.3567
323,Cc1ncc(COP(=O)(O)O)c(/C=N/C2(P(=O)(O)O)CCCC2)c1O,0.4173
324,C#Cc1cn([C@@H]2O[C@H](CO)[C@@H](O)[C@@H]2C)c(=O)nc1O,0.4150
325,C[C@]12CC[C@@H]3c4ccc(O)cc4CC[C@H]3[C@@H]1C[C@@H](O)[C@H]2O,0.2969
326,Cc1ccc([C@H](CCC(=O)N(C)O)P(=O)(O)O)cc1,0.2338
327,Cc1ncc(COP(=O)(O)O)c(/C=N/C2(C(=O)O)CC2)c1O,0.3763
328,C#Cc1cn([C@@H]2O[C@H](CO)[C@@H](O)C2(F)F)c(=O)nc1O,0.4776
329,Cc1c(O)nc(=O)n(COCCO)c1Sc1ccccc1,0.3751
330,C[C@]1(c2ccccc2)CC(=O)N(CCOc2ccc(F)c(C#N)c2)C1=O,0.3979
331,C[C@]1(c2ccccc2)CC(=O)N(CCOc2ccc(F)c(C(=O)O)c2)C1,0.3646
332,C[C@]1(c2ccccc2)CC(=O)N(CCOc2ccc(F)c(C(=O)O)c2)C1=O,0.4079
333,COc1ccc(C[C@H](N=C(O)OC(C)C)C(=O)O)cc1,0.2171
334,C[C@]12CC[C@@H]3c4ccc(O)cc4CC[C@H]3[C@@H]1C[C@@H](O)[C@@H]2O,0.2969
335,Cc1c(O)nc(=O)n(C)c1C[C@H](CO)CF,0.3370
336,C[C@]12CC[C@@H]3c4ccc(O)cc4CC[C@H]3[C@@H]1CC[C@@H]2O,0.2854
337,COc1ccc(C[C@H](N=C(O)OC(C)C)C(=O)O)cc1OC,0.2607
338,CC(C)(CO)[C@@H](O)C(=O)O,0.0716
339,CC(C)(C)[C@@H](N)C(O)=NO,0.0837
340,C[C@@H](C(=O)N1CCOCC1)N1CC[C@H](NS(=O)(=O)c2cc3cc(Cl)ccc3s2)C1=O,0.4421
341,C[C@@H](O)[C@H](N)C(O)=NS(=O)(=O)c1cccc(-c2ccc3c(=N)[nH]cnc3c2)c1,0.3849
342,COc1cc2c(cc1OC)[C@@H]1C[C@H](N)[C@@H](c3cccc(CF)c3)CN1CC2,0.4376
343,O=C(O)[C@@H]1CC[C@H](c2ccccc2)N1C(=O)CN=C(O)[C@@H](S)Cc1ccccc1,0.4060
344,O=C(O)[C@@H](C/C=C/c1ccccc1)N=C(O)c1ccc2ccccc2c1,0.2394
345,COC(=O)c1c(O)cccc1OC/C=C/c1cccc(-c2onc(C(=O)O)c2CO)c1,0.4526
346,C[C@H](C(=O)O)c1ccc(-c2ccccc2)c(F)c1,0.2489
347,C[C@@H](C(=O)N1CCOCC1)N1CC[C@H](NS(=O)(=O)c2cc3ccccc3s2)C1=O,0.4246
348,CS(=O)(=O)n1cc2c(n1)CN([C@H]1CO[C@H](c3cc(F)ccc3F)[C@@H](N)C1)C2,0.5086
349,C[C@@H](C(=O)O)c1ccc(-c2ccccc2)c(F)c1,0.2489
350,Cc1ccc([C@H](c2ccc(O)cc2)[C@@H]2C=CCCC2)cc1,0.2359
351,CS(=O)(=O)n1ccc2c1NC(N1CCOCC1)=NC2c1cnc(=N)[nH]c1,0.5000
352,O=S(=O)(c1ccccc1)c1ccc(CN=C(O)C2=CC3C=NN=C3N=C2)cc1,0.3421
353,C[C@]12CCc3c(ccc4cc(O)ccc34)[C@@H]1CCC2=O,0.3137
354,C[C@@H](O)[C@H](N)C(O)=NS(=O)(=O)c1cccc2ccccc12,0.2865
355,O=C(O)[C@H](CO)N=C(O)c1cccc(O)c1O,0.2406
356,C[C@@H](O)[C@H](N)C(O)=NS(=O)(=O)c1cccc(-c2ccc3c(=N)[nH]cnc3c2)n1,0.4378
357,C[C@@H](C(=O)N1CCOCC1)N1CC[C@H](NS(=O)(=O)c2ccc3cc(Cl)ccc3c2)C1,0.3396
358,C[C@@H](C(=O)N1CCOCC1)N1CC[C@H](NS(=O)(=O)c2cc3cc(Cl)ccc3s2)C1,0.4066
359,C[C@H](C(=O)O)c1ccc(-c2ccccc2)cc1,0.1953
360,CC1=C(CCOP(=O)(O)OP(=O)(O)O)SCN1Cc1cnc(C)[nH]c1=N,0.3585
361,O=C(O)[C@H]1CC(O)=NC(=O)N1[C@@H]1O[C@H](COP(=O)(O)O)[C@@H](O)[C@H]1O,0.4504
362,O=C(O)C1=C(C(O)=Nc2ccc(-c3cccc(OC(F)(F)F)c3)cc2F)CCC1,0.3668
363,O=C(O)[C@@H]1CC[C@H](c2ccccc2)N1C(=O)CN=C(O)[C@@H](S)Cc1ccccc1,0.4060
364,O=C(O)[C@H](CO)N=C(O)c1cccc(O)c1O,0.2406
365,COC(=O)[C@H](COC=O)N=C(O)c1cccc(O)c1O,0.2674
366,O=C(O)[C@@H](C/C=C/c1ccccc1)N=C(O)c1ccc2ccccc2c1,0.2394
367,C[C@]12CCc3c(ccc4cc(O)ccc34)[C@@H]1CCC2=O,0.3137
368,O=C(O)[C@@H]1CC[C@H](c2ccccc2)N1C(=O)CN=C(O)OCc1ccccc1,0.4018
369,COC(=O)[C@@H]1C[C@H](C(=O)O)N[C@H]1[C@H](CC(C)C)N=C(C)O,0.3159
370,O=C(O)C1=NC(c2ccccc2)=NC1C(=O)O,0.3321
371,O=C(O)C1=C(C(O)=Nc2ccc(-c3cccc(O)c3)cc2F)CCC1,0.3440
372,Cc1c(O)nc(=O)n(COCCO)c1Sc1ccccc1,0.3751
373,O=P(O)(O)OC[C@H]1O[C@@H](n2cnc3c(O)ncnc32)[C@H](O)[C@@H]1O,0.4714
374,Cc1c(O)nc(=O)n(C)c1C[C@H](CO)CF,0.3370
375,C[C@]12CCc3c(ccc4cc(O)ccc34)[C@@H]1CC[C@@H]2O,0.3223
376,O=C(O)[C@@H](C/C=C/c1ccccc1)N=C(O)c1cccc(O)c1O,0.2840
377,O=C(O)[C@@H]1CC[C@H](c2ccccc2)N1C(=O)OCc1ccccc1,0.3833
378,Cc1c(O)nc(=O)n(C)c1/C=C(/CO)CF,0.3321
379,O=S(=O)(c1ccccc1)N(CCO)CC(O)=NO,0.2472
380,CS(=O)(=O)n1cc2c(n1)CN([C@H]1CO[C@H](c3cc(F)c(F)cc3F)[C@@H](N)C1)C2,0.5150
381,O=C(O)c1ccc(O[C@H]2CC[C@H](N=C(O)N[C@]34C[C@H]5C[C@H](C[C@H](C5)C3)C4)CC2)cc1,0.2742
382,CC1=C(CCOP(=O)(O)OP(=O)(O)O)SCN1Cc1cnc(C)[nH]c1=N,0.3585
383,O=C(O)C1=C(C(O)=Nc2ccc(-c3cccc(OC(F)(F)F)c3)cc2F)CCC1,0.3668
384,CC(C)[C@H](N=C(O)OCc1ccccc1)P(=O)(O)O[C@H](C(=O)O)c1cccc(CN)c1,0.4070
385,C[C@@H](C(=O)N1CCOCC1)N1CC[C@H](NS(=O)(=O)c2ccc3cc(Cl)ccc3c2)C1=O,0.3801
386,CC#CCOc1ccc(S(=O)(=O)N2CCSC(C)(C)[C@@H]2C(O)=NO)cc1,0.4505
387,CC[C@@H](C)C(SC[C@H](N)C(=O)O)(c1ccccc1)c1ccccc1,0.2793
388,CC(C)(C)[C@@H](N)C(O)=NS(O)(O)OC[C@H]1O[C@@H](n2cnc3c(N)ncnc32)[C@H](O)[C@@H]1O,0.5061
389,C[C@@H](C(=O)N1CCOCC1)N1CC[C@H](NS(=O)(=O)c2cc3ccc(Cl)cc3s2)C1=O,0.4443
390,O=S(=O)(c1ccccc1)c1ccc(CN=C(O)C2=CC3C=NC=CC3=N2)cc1,0.3686
391,COc1ccc2c(c1)cc(C(O)=NS(=O)(=O)c1ccc3ccccc3c1)n2CC(=O)O,0.4916
392,C[C@@H](C(=O)N1CCOCC1)N1CC[C@H](NS(=O)(=O)c2cc3cc(Cl)ccc3s2)C1=O,0.4421
393,Cc1cc(S(=O)(=O)N2CCC[C@H]2C(=O)O)c(N)cc1Cl,0.4227
394,CS(=O)(=O)n1cc2c(n1)CN([C@H]1CO[C@H](c3cc(F)c(F)cc3F)[C@@H](O)C1)C2,0.5270
395,C[C@]12CCC(=O)C=C1CC[C@@H]1[C@@H]2C(=O)C[C@@]2(C)[C@H]1CC[C@]2(O)C(=O)CO,0.2530
396,O=C(O)[C@@H](C/C=C/c1ccccc1)N=C(O)c1ccc2ccccc2c1,0.2394
397,C[C@]12CC[C@@H]3c4ccc(O)cc4CC[C@H]3[C@@H]1C[C@@H](O)[C@H]2O,0.2969
398,COc1ccc(S(=O)(=O)N(CC(C)C)C[C@@H](O)NO)cc1,0.2905
399,CC(C)(C)OC(O)=N[C@H]1CNc2ccccc2C1,0.2593
400,O=C(O)[C@@H]1CC[C@H](c2ccccc2)N1C(=O)CN=C(O)[C@@H](S)Cc1ccccc1,0.4060
401,O=C(O)c1ccc(O[C@H]2CC[C@H](N=C(O)N[C@]34C[C@H]5C[C@H](C[C@H](C5)C3)C4)CC2)cc1,0.2742
402,O=S(=O)(c1ccccc1)c1ccc(CN=C(O)C2=CC3C=NN=C3N=C2)cc1,0.3421
403,C[C@@H](O)[C@H](N)C(O)=NS(=O)(=O)c1cccc(-c2ccc3c(=N)[nH]cnc3c2)c1,0.3849
404,O=S(=O)(c1ccccc1)c1ccc(CN=C(O)C2=CC3C=NC=CC3=N2)cc1,0.3686
405,O=C(O)[C@@H](C/C=C/c1ccccc1)N=C(O)c1ccc2ccccc2c1,0.2394
406,O=C(O)C1=C(C(O)=Nc2ccc(-c3cccc(OC(F)(F)F)c3)cc2F)CCC1,0.3668
407,O=C1C[C@@H](N2CCOCC2)Oc2c(-c3ccc4c(c3)OCCO4)csc21,0.4853
408,COC(=O)[C@@H]1C[C@H](C(=O)O)N[C@H]1[C@H](CC(C)C)N=C(C)O,0.3159
409,C[C@]12CC[C@@H]3c4ccc(O)cc4CC[C@H]3[C@@H]1C[C@@H](O)[C@H]2O,0.2969
410,O=C1N=C(O)/C(=C/c2ccc3c(c2)OC(F)(F)O3)S1,0.3314
411,O=C(O)[C@H](CO)N=C(O)c1cccc(O)c1O,0.2406
412,COC(=O)[C@@H]1C[C@H](C(=O)O)N[C@H]1[C@H](CC(C)C)N=C(O)c1cccc(O)c1,0.3887
413,O=S(=O)(c1ccc2c(c1)CN[C@@H](CF)C2)N1CCSCC1,0.3925
414,O=S(=O)(N1CCc2cc(O)ccc2C1)C(F)(F)F,0.3359
415,O=C(O)C1=NC(c2ccccc2)=NC1C(=O)O,0.3321
416,C[C@@H](O)[C@H](N)C(O)=NS(=O)(=O)c1ccccc1,0.2521
417,O=S(=O)(c1ccc2c(c1)CN[C@@H](CF)C2)N1CCOCC1,0.3900
418,C[C@]12CC[C@@H]3c4ccc(O)cc4CC[C@H]3[C@@H]1C[C@@H](O)[C@@H]2O,0.2969
419,C[C@]12CC[C@@H]3c4ccc(O)cc4CC[C@H]3[C@@H]1CC[C@@H]2O,0.2854
420,C[C@@H]1C(O)=NCCCN1C(=O)C[C@H](N)Cc1cc(F)c(F)cc1F,0.3228
421,O=C(O)[C@@H]1CC[C@H](c2ccccc2)N1C(=O)CN=C(O)[C@@H](S)Cc1ccccc1,0.4060
422,C[C@]12CC[C@@H]3c4ccc(O)cc4CC[C@H]3[C@@H]1C[C@@H](O)[C@H]2O,0.2969
423,O=C1N=C(O)/C(=C/c2ccc3c(c2)OC(F)(F)O3)S1,0.3314
424,C[C@]12CCC(=O)C=C1CC[C@@H]1[C@@H]2C(=O)C[C@@]2(C)[C@H]1CC[C@]2(O)C(=O)CO,0.2530
425,O=C(O)C1=NC(c2ccccc2)=NC1C(=O)O,0.3321
426,C[C@]12CC[C@@H]3c4ccc(O)cc4CC[C@H]3[C@@H]1CC[C@@H]2O,0.2854
427,O=C(O)C1=C(C(O)=Nc2c(F)cc(-c3ccccc3)cc2F)CCC1,0.3269
428,COC(=O)[C@@H]1C[C@H](C(=O)O)N[C@H]1[C@H](CC(C)C)N=C(C)O,0.3159
429,COc1ccc2c(c1)N(C(=O)OC(C)C)[C@@H](CSC)C(S)=N2,0.4383
430,O=S(=O)(c1ccc2c(c1)CN[C@@H](CF)C2)N1CCSCC1,0.3925
431,O=C(O)[C@@H](C/C=C/c1ccccc1)N=C(O)c1ccc2ccccc2c1,0.2394
432,O=C(O)C1=C(C(O)=Nc2c(F)cc(-c3cccc(O)c3)cc2F)CCC1,0.3508
433,C[C@]12C=CC(=O)C=C1CC[C@@H]1[C@@H]2C(=O)C[C@@]2(C)[C@H]1CC[C@]2(O)C(=O)CO,0.2764
434,O=C(O)[C@@H]1CC[C@H](c2ccccc2)N1C(=O)CN=C(O)[C@@H](S)CCc1ccccc1,0.4008
435,C[C@@H](O)[C@H](N)C(O)=NS(=O)(=O)c1ccccc1,0.2521
436,COC(=O)[C@@H]1C[C@H](C(=O)O)N[C@H]1[C@H](CC(C)C)N=C(O)c1cccc(O)c1,0.3887
437,C[C@]12CC(=O)[C@H]3[C@@H](CCC4=CC(=O)CC[C@@]43C)[C@@H]1CC[C@@H]2O,0.2123
438,O=S(=O)(c1ccccc1)N1CCC[C@@H]1C(O)=NO,0.3325
439,CS(=O)(=O)n1cc2c(n1)CN([C@H]1CO[C@H](c3ccncc3)O1)C2,0.4262
440,O=C(O)c1ccc(O[C@H]2CC[C@H](N=C(O)N[C@]34C[C@H]5C[C@H](C[C@H](C5)C3)C4)CC2)cc1,0.2742
441,C[C@@H]1C[C@H]2O[C@@H]2/C=C\C=C\C(=O)Cc2c(Cl)c(O)cc(O)c2C(=O)O1,0.4566
442,C[C@@H](O)[C@H](N)C(O)=NS(=O)(=O)c1cccc(-c2ccc3c(=N)[nH]cnc3c2)c1,0.3849
443,O=S(=O)(c1ccccc1)c1ccc(CN=C(O)C2=CC3C=NC=CC3=N2)cc1,0.3686
444,O=C(O)[C@@H]1CC[C@H](c2ccccc2)N1C(=O)CN=C(O)[C@@H](S)Cc1ccccc1,0.4060
445,O=C(O)C1=C(C(O)=Nc2ccc(-c3cccc(OC(F)(F)F)c3)cc2F)CCC1,0.3668
446,C[C@H](N=C(O)[C@@H](CO)NS(=O)(=O)Cc1ccccc1)C(c1ccccc1)c1ccccc1,0.3140
447,O=C1C[C@@H](N2CCOCC2)Oc2c(-c3ccc4c(c3)OCCO4)csc21,0.4853
448,COc1ccc2c(c1)cc(C(O)=NS(=O)(=O)N1CCOCC1)n2CC(=O)O,0.4760
449,O=S(=O)(c1ccccc1)c1ccc(CN=C(O)C2=CC3C=NN=C3N=C2)cc1,0.3421
450,O=C1N=C(O)/C(=C/c2ccc3c(c2)OC(F)(F)O3)S1,0.3314
451,COc1ccc(S(=O)(=O)N(Cc2cccnc2)[C@@H](C(O)=NO)C(C)C)cc1,0.4444
452,COC(=O)[C@@H]1C[C@H](C(=O)O)N[C@H]1[C@H](CC(C)C)N=C(C)O,0.3159
453,COc1ccc(S(=O)(=O)N(CC(C)C)C[C@@H](O)[C@H](Cc2ccccc2)N=C(O)O)cc1,0.3844
454,COc1ccc(S(=O)(=O)N(CC(C)C)C[C@@H](O)NO)cc1,0.2905
455,O=C(O)c1ccc(O[C@H]2CC[C@H](N=C(O)N[C@]34C[C@H]5C[C@@H](C5)C[C@H](C3)C4)CC2)cc1,0.2817
456,O=C(O)[C@@H](C/C=C/c1ccccc1)N=C(O)c1ccc2ccccc2c1,0.2394
457,O=C(O)C1=NC(c2ccccc2)=NC1C(=O)O,0.3321
458,C[C@@H](C(=O)O)c1ccc(-c2ccccc2)c(F)c1,0.2489
459,C[C@@H](O)[C@H](N)C(O)=NS(=O)(=O)c1ccccc1,0.2521
460,C[C@@H]1C(O)=NCCCN1C(=O)C[C@H](N)Cc1cc(F)c(F)cc1F,0.3228
461,C[C@]12CC[C@@H]3c4ccc(O)cc4CC[C@H]3[C@@H]1C[C@@H](O)[C@H]2O,0.2969
462,O=C(O)[C@@H](C/C=C/c1ccccc1)N=C(O)c1ccc2ccccc2c1,0.2394
463,O=C(O)C1=NC(c2ccccc2)=NC1C(=O)O,0.3321
464,O=C(O)[C@]1(O)C=C([C@H](O)Cc2ccccc2)[C@@H](O)[C@H](O)C1,0.3259
465,O=C1C[C@@H](N2CCOCC2)Oc2c(-c3ccc4c(c3)OCCO4)csc21,0.4853
466,O=S(=O)(N1CCc2cc(O)ccc2C1)C(F)(F)F,0.3359
467,O=C1N=C(O)/C(=C/c2ccc3c(c2)OC(F)(F)O3)S1,0.3314
468,C[C@@H](O)[C@H](N)C(O)=NS(=O)(=O)c1ccccc1,0.2521
469,C[C@]12CC[C@@H]3c4ccc(O)cc4CC[C@H]3[C@@H]1C[C@@H](O)[C@@H]2O,0.2969
470,O=S1(=O)N=C(O)C=C1c1cccc(O)c1,0.2867
471,O=S(=O)(c1ccccc1)N1CCC[C@@H]1C(O)=NO,0.3325
472,O=C1C[C@@H](N2CCOCC2)Oc2c(-c3ccc4c(c3)OCO4)csc21,0.4800
473,C[C@]12CC[C@@H]3c4ccc(O)cc4CC[C@H]3[C@@H]1CC[C@@H]2O,0.2854
474,C[C@]12CC[C@@H]3c4ccc(O)cc4CC[C@H]3[C@@H]1C[C@H](O)[C@H]2O,0.2969
475,O=C(O)[C@@H](C/C=C/c1ccccc1)N=C(O)c1cccc(O)c1O,0.2840
476,O=C1N=C(O)/C(=C/c2ccc3c(c2)OCO3)S1,0.2999
477,COc1ccc([C@@H]2CN=C(O)C2)cc1OC1CCCC1,0.2947
478,O=C(O)c1ccnc(C(=O)O)c1,0.2602
479,C[C@@H](O)[C@H](N)C(O)=NO,0.0729
480,CS(=O)(=O)n1ccc2c1NC(N1CCOCC1)=NC2c1cnc(=N)[nH]c1,0.5000
481,N[C@@H](CCSC(c1ccccc1)(c1ccccc1)c1ccccc1)C(=O)O,0.1839
482,C[C@@H](O)[C@H](N)C(O)=NS(=O)(=O)c1cccc(-c2ccccc2)c1,0.3033
483,CN(C)c1cccc2c(S(=O)(=O)N[C@@H](CCC(=O)O)C(=O)O)cccc12,0.3427
484,O=S(=O)(N1CCc2cc(O)ccc2C1)C(F)(F)F,0.3359
485,C[C@@H](O)[C@H](N)C(O)=NS(=O)(=O)c1ccccc1,0.2521
486,C[C@](O)(COc1ccc(F)cc1)C(O)=Nc1ccc([N+](=O)[O-])c2ccccc12,0.2933
487,O=C(O)[C@@H](C/C=C/c1ccccc1)N=C(O)c1ccc2ccccc2c1,0.2394
488,O=C(Nc1ccc([N+](=O)[O-])cc1)N1CCS[C@@H](c2ccccc2)C1,0.3003
489,O=S(=O)(c1ccc2c(c1)CN[C@@H](CF)C2)N1CCSCC1,0.3925
490,CS(=O)(=O)Nc1ccc([N+](=O)[O-])cc1OC1CCCCC1,0.2983
491,Cc1ncc(COP(=O)(O)O)c(/C=N/C2(P(=O)(O)O)CCCC2)c1O,0.4173
492,C[C@](O)(COc1ccc(F)cc1)C(O)=Nc1ccc([N+](=O)[O-])cc1,0.2487
493,C[C@@H](O)[C@H](N)C(O)=NS(=O)(=O)c1cccc2ccccc12,0.2865
494,Cc1ncc(COP(=O)(O)O)c(/C=N/[C@@H](C)C(=O)O)c1O,0.3571
495,O=C(O)[C@@H](C/C=C/c1ccccc1)N=C(O)c1ccc2c(c1)OCO2,0.2961
496,O=C(O)[C@H](CO)N=C(O)c1cccc(O)c1O,0.2406
497,CC(O)=Nc1nnc(S(N)(=O)=O)s1,0.2157
498,CS(=O)(=O)Nc1ccc([N+](=O)[O-])cc1OC1CCOCC1,0.3015
499,O=C(Nc1ccc([N+](=O)[O-])cc1)C1CC1,0.1603
500,O=S(=O)(c1ccccc1)c1ccc(CN=C(O)C2=CC3C=NC=CC3=N2)cc1,0.3686
501,O=C(O)[C@@H]1CC[C@H](c2ccccc2)N1C(=O)CN=C(O)[C@@H](S)Cc1ccccc1,0.4060
502,C[C@]1(c2ccccc2)CC(=O)N(CCOc2ccc(F)c(C#N)c2)C1,0.3567
503,O=C(O)[C@@H](C/C=C/c1ccccc1)N=C(O)c1ccc2ccccc2c1,0.2394
504,COC(=O)c1c(O)cccc1OC/C=C/c1cccc(-c2onc(C(=O)O)c2CO)c1,0.4526
505,COc1cc2c(cc1OC)[C@@H]1C[C@H](N)[C@@H](c3cccc(CF)c3)CN1CC2,0.4376
506,O=C1C[C@@H](N2CCOCC2)Oc2c(-c3ccc4c(c3)OCCO4)csc21,0.4853
507,O=S(=O)(c1ccc2c(c1)CN[C@@H](CF)C2)N1CCSCC1,0.3925
508,C[C@]12CC[C@@H]3c4ccc(O)cc4CC[C@H]3[C@@H]1C[C@@H](O)[C@H]2O,0.2969
509,O=C(O)C1=NC(c2ccccc2)=NC1C(=O)O,0.3321
510,O=S(=O)(c1ccccc1)c1ccc(CN=C(O)C2=CC3C=NN=C3N=C2)cc1,0.3421
511,C[C@]12CCc3c(ccc4cc(O)ccc34)[C@@H]1CCC2=O,0.3137
512,COc1ccc2c(c1)cc(C(O)=NS(=O)(=O)Cc1ccccc1)n2CC(=O)O,0.4797
513,C[C@]1(c2ccccc2)CC(=O)N(CCOc2ccc(F)c(C#N)c2)C1=O,0.3979
514,COc1ccc2c(c1)N(C(=O)OC(C)C)[C@@H](CSC)C(S)=N2,0.4383
515,C[C@@H](C(=O)O)c1ccc(-c2ccccc2)c(F)c1,0.2489
516,C[C@]12CC[C@@H]3c4ccc(O)cc4CC[C@H]3[C@@H]1C[C@@H](O)[C@@H]2O,0.2969
517,C[C@]12CC[C@@H]3c4ccc(O)cc4CC[C@H]3[C@@H]1CC[C@@H]2O,0.2854
518,O=S(=O)(c1ccc(CN=C(O)n2cc3ccncc3c2)cc1)C1CCN(CCO)CC1,0.3564
519,C[C@]12CCc3c(ccc4cc(O)ccc34)[C@@H]1CC[C@@H]2O,0.3223
520,CS(=O)(=O)n1cc2c(n1)CN([C@H]1CO[C@H](c3cc(F)c(F)cc3F)[C@@H](N)C1)C2,0.5150
521,O=S(=O)(c1ccccc1)c1ccc(CN=C(O)C2=CC3C=NN=C3N=C2)cc1,0.3421
522,O=C(O)[C@@H]1CC[C@H](c2ccccc2)N1C(=O)CN=C(O)[C@@H](S)Cc1ccccc1,0.4060
523,CS(=O)(=O)n1ccc2c1NC(N1CCOCC1)=NC2c1cnc(=N)[nH]c1,0.5000
524,O=C(O)[C@@H](C/C=C/c1ccccc1)N=C(O)c1ccc2ccccc2c1,0.2394
525,CS(=O)(=O)n1cc2c(n1)CN([C@H]1CO[C@H](c3cc(F)ccc3F)[C@@H](N)C1)C2,0.5086
526,O=S(=O)(c1ccccc1)c1ccc(CN=C(O)C2=CC3C=NC=CC3=N2)cc1,0.3686
527,COc1ccc2c(c1)cc(C(O)=NS(=O)(=O)N1CCOCC1)n2CC(=O)O,0.4760
528,O=S(=O)(N1CCc2cc(O)ccc2C1)C(F)(F)F,0.3359
529,CN(O)C(=O)C[C@@H](CCCc1cccc2ccccc12)CP(=O)(O)O,0.2492
530,O=C(Nc1ccc([N+](=O)[O-])cc1)N1CCS[C@@H](c2ccccc2)C1,0.3003
531,COc1ccc2c(c1)cc(C(O)=NS(=O)(=O)c1ccccc1)n2CC(=O)O,0.4796
532,O=C1N=C(O)/C(=C/c2ccc3c(c2)OC(F)(F)O3)S1,0.3314
533,CN(O)C(=O)C[C@@H](CCCc1ccccc1)CP(=O)(O)O,0.2134
534,N[C@@H](CCC(O)=N[C@@H](CS[C@@H]1c2ccccc2-c2ccccc2[C@H]1O)C(=O)O)C(=O)O,0.4416
535,CN(O)C(=O)C[C@@H](CCCc1cccc2ccccc12)C(=O)O,0.2331
536,CS(=O)(=O)Nc1ccc([N+](=O)[O-])cc1OC1CCCCC1,0.2983
537,CC(O)=Nc1nnc(S(N)(=O)=O)s1,0.2157
538,CN(O)C(=O)C[C@@H](CCCc1ccccc1)C(=O)O,0.2033
539,COC(O)=Nc1cccc(C(=O)O)c1,0.1816
540,O=S(=O)(c1ccccc1)c1ccc(CN=C(O)C2=CC3C=NC=CC3=N2)cc1,0.3686
541,O=S(=O)(c1ccccc1)c1ccc(CN=C(O)C2=CC3C=NN=C3N=C2)cc1,0.3421
542,CS(=O)(=O)n1cc2c(n1)CN([C@H]1CO[C@H](c3cc(F)c(F)cc3F)[C@@H](N)C1)C2,0.5150
543,O=C(O)[C@@H]1CC[C@H](c2ccccc2)N1C(=O)CN=C(O)[C@@H](S)Cc1ccccc1,0.4060
544,O=C(O)c1ccc(O[C@H]2CC[C@H](N=C(O)N[C@]34C[C@H]5C[C@H](C[C@H](C5)C3)C4)CC2)cc1,0.2742
545,O=C(O)[C@@H](C/C=C/c1ccccc1)N=C(O)c1ccc2ccccc2c1,0.2394
546,COc1ccc2c(c1)cc(C(O)=NS(=O)(=O)N1CCOCC1)n2CC(=O)O,0.4760
547,O=C(O)[C@]1(O)C=C(CCC(O)=Nc2ccccc2)[C@@H](O)[C@H](O)C1,0.3005
548,O=C(O)[C@H](CO)N=C(O)c1cccc(O)c1O,0.2406
549,O=C1C=C2NC(C(O)=NCc3ccc(S(=O)(=O)c4ccccc4)cc3)=CC2C=N1,0.3907
550,C[C@]12CC[C@@H]3c4ccc(O)cc4CC[C@H]3[C@@H]1C[C@@H](O)[C@H]2O,0.2969
552,O=C(O)C1=NC(c2ccccc2)=NC1C(=O)O,0.3321
553,CS(=O)(=O)Nc1ccc([N+](=O)[O-])cc1OC1CCCCC1,0.2983
554,CS(=O)(=O)Nc1ccc([N+](=O)[O-])cc1OC1CCOCC1,0.3015
555,C[C@]12CC[C@@H]3c4ccc(O)cc4CC[C@H]3[C@@H]1CC[C@@H]2O,0.2854
556,O=S1(=O)N=C(O)C=C1c1cccc(O)c1,0.2867
557,C[C@]12CC[C@@H]3c4ccc(O)cc4CC[C@H]3[C@@H]1C[C@@H](O)[C@@H]2O,0.2969
558,C[C@]12CC[C@@H]3c4ccc(O)cc4CC[C@H]3[C@@H]1C[C@H](O)[C@H]2O,0.2969
559,C[C@]12CC[C@@H]3c4ccc(O)cc4CC[C@H]3[C@@H]1CC[C@@H]2N,0.2925
560,C[C@@H]1C[C@H]2O[C@@H]2/C=C\C=C\C(=O)Cc2c(Cl)c(O)cc(O)c2C(=O)O1,0.4566
561,O=C(O)[C@@H]1CC[C@H](c2ccccc2)N1C(=O)CN=C(O)[C@@H](S)Cc1ccccc1,0.4060
562,C[C@]12CCc3c(ccc4cc(O)ccc34)[C@@H]1CCC2=O,0.3137
563,O=C(O)[C@@H](C/C=C/c1ccccc1)N=C(O)c1ccc2ccccc2c1,0.2394
564,C[C@]1(c2ccccc2)CC(=O)N(CCOc2ccc(F)c(C#N)c2)C1,0.3567
565,O=S(=O)(c1ccc2c(c1)CN[C@@H](CF)C2)N1CCSCC1,0.3925
566,O=C1C[C@@H](N2CCOCC2)Oc2c(-c3ccc4c(c3)OCCO4)csc21,0.4853
567,C[C@](O)(COc1ccc(F)cc1)C(O)=Nc1ccc([N+](=O)[O-])c2ccccc12,0.2933
568,C[C@@H](C(=O)O)c1ccc(-c2ccccc2)c(F)c1,0.2489
569,C[C@]1(c2ccccc2)CC(=O)N(CCOc2ccc(F)c(C(=O)O)c2)C1,0.3646
570,C[C@]12CC[C@@H]3c4ccc(O)cc4CC[C@H]3[C@@H]1C[C@@H](O)[C@H]2O,0.2969
571,C[C@]1(c2ccccc2)CC(=O)N(CCOc2ccc(F)c(C#N)c2)C1=O,0.3979
572,C[C@]1(c2ccccc2)CC(=O)N(CCOc2ccc(F)c(C(=O)O)c2)C1=O,0.4079
573,O=C(O)C1=C(C(O)=Nc2ccc(-c3ccccc3)cc2F)CCC1,0.3200
574,C[C@]12CCc3c(ccc4cc(O)ccc34)[C@@H]1CC[C@@H]2O,0.3223
575,O=S(=O)(c1ccc(CN=C(O)n2cc3ccncc3c2)cc1)C1CCOCC1,0.3418
576,O=S(=O)(c1ccc(CN=C(O)n2cc3ccncc3c2)cc1)C1CC1,0.3167
577,C[C@]12CC[C@@H]3c4ccc(O)cc4CC[C@H]3[C@@H]1C[C@@H](O)[C@@H]2O,0.2969
578,C[C@]12CC[C@@H]3c4ccc(O)cc4CC[C@H]3[C@@H]1CC[C@@H]2O,0.2854
579,COc1ccc([C@@H]2CN=C(O)C2)cc1OC1CCCC1,0.2947
580,O=C(O)[C@@H]1CC[C@H](c2ccccc2)N1C(=O)CN=C(O)[C@@H](S)Cc1ccccc1,0.4060
581,C[C@@H](O)[C@H](NC(=O)c1ccc(C#CC#Cc2ccccc2)cc1)C(O)=NO,0.2745
582,O=S(=O)(c1ccccc1)c1ccc(CN=C(O)C2=CC3C=NC=CC3=N2)cc1,0.3686
583,C[C@@H]1C(O)=NCCCN1C(=O)C[C@H](N)Cc1cc(F)c(F)cc1F,0.3228
584,O=C(O)[C@@H](C/C=C/c1ccccc1)N=C(O)c1ccc2ccccc2c1,0.2394
585,O=S(=O)(c1ccccc1)c1ccc(CN=C(O)C2=CC3C=NN=C3N=C2)cc1,0.3421
586,O=S(=O)(N1CCc2cc(O)ccc2C1)C(F)(F)F,0.3359
587,C[C@](O)(COc1ccc(F)cc1)C(O)=Nc1ccc([N+](=O)[O-])c(C(F)(F)F)c1,0.3488
588,C[C@@H](O)[C@H](NC(=O)c1ccc(C#Cc2ccccc2)cc1)C(O)=NO,0.2719
589,O=S(=O)(c1ccc2c(c1)CN[C@@H](CF)C2)N1CCSCC1,0.3925
590,C[C@@H](O)[C@H](NC(=O)c1ccc(C#CC#Cc2ccc(N)cc2)cc1)C(O)=NO,0.2937
591,C[C@](O)(COc1ccc(F)cc1)C(O)=Nc1ccc(C#N)c(C(F)(F)F)c1,0.3257
592,C[C@]12CC[C@@H]3c4ccc(O)cc4CC[C@H]3[C@@H]1C[C@@H](O)[C@H]2O,0.2969
593,C[C@](O)(COc1ccc(F)cc1)C(O)=Nc1ccc([N+](=O)[O-])c2ccccc12,0.2933
594,O=C(O)C1=NC(c2ccccc2)=NC1C(=O)O,0.3321
595,C[C@@H](O)[C@H](N)C(O)=NS(=O)(=O)c1ccccc1,0.2521
596,O=C(O)[C@@H](C/C=C/c1ccccc1)N=C(O)c1cccc(O)c1O,0.2840
597,COc1ccc([C@@H]2CN=C(O)C2)cc1OC1CCCC1,0.2947
598,O=C(Nc1ccc([N+](=O)[O-])cc1)C1CC1,0.1603
599,C[C@]12CC[C@@H]3c4ccc(O)cc4CC[C@H]3[C@@H]1CC[C@@H]2O,0.2854
600,O=C(O)c1ccc(O[C@H]2CC[C@H](N=C(O)N[C@]34C[C@H]5C[C@H](C[C@H](C5)C3)C4)CC2)cc1,0.2742
601,O=S(=O)(c1ccccc1)c1ccc(CN=C(O)C2=CC3C=NN=C3N=C2)cc1,0.3421
602,O=C(O)[C@@H]1CC[C@H](c2ccccc2)N1C(=O)CN=C(O)[C@@H](S)Cc1ccccc1,0.4060
603,O=S(=O)(c1ccccc1)c1ccc(CN=C(O)C2=CC3C=NC=CC3=N2)cc1,0.3686
604,C[C@@H](C(=O)N1CCOCC1)N1CC[C@H](NS(=O)(=O)c2cc3ccc(Cl)cc3s2)C1=O,0.4443
605,C[C@@H](C(=O)N1CCOCC1)N1CC[C@H](NS(=O)(=O)c2cc3cc(Cl)ccc3s2)C1=O,0.4421
606,C[C@@H](C(=O)N1CCOCC1)N1CC[C@H](NS(=O)(=O)/C=C/c2ccc(Cl)s2)C1=O,0.3801
607,CC[C@H]1C(O)=Nc2ccc(F)cc2N1C(=O)OC(C)C,0.4215
608,C[C@@H](C(=O)N1CCOCC1)N1CC[C@H](NS(=O)(=O)/C=C/c2ccc(Cl)cc2)C1=O,0.3578
609,C[C@@H](O)[C@H](N)C(O)=NS(=O)(=O)c1cccc(-c2ccc3c(=N)[nH]cnc3c2)c1,0.3849
610,C[C@]12CCc3c(ccc4cc(O)ccc34)[C@@H]1CCC2=O,0.3137
611,C[C@]1(c2ccccc2)CC(=O)N(CCOc2ccc(F)c(C#N)c2)C1,0.3567
612,COC(=O)[C@@H]1C[C@H](C(=O)O)N[C@H]1[C@H](CC(C)C)N=C(C)O,0.3159
613,C[C@]12CC[C@@H]3c4ccc(O)cc4CC[C@H]3[C@@H]1C[C@@H](O)[C@H]2O,0.2969
614,O=C(O)[C@H](CCCN1C(=O)[C@@]2(N=C1O)O[C@H](CO)[C@@H](O)[C@H]2O)N(O)CO,0.5180
615,C[C@]12CC[C@@H]3c4ccc(O)cc4CC[C@H]3[C@@H]1CC[C@@H]2O,0.2854
616,O=C(O)C1=NC(c2ccccc2)=NC1C(=O)O,0.3321
617,C[C@]1(c2ccccc2)CC(=O)N(CCOc2ccc(F)c(C#N)c2)C1=O,0.3979
618,C[C@@H](O)[C@H](N)C(O)=NS(=O)(=O)c1ccccc1,0.2521
619,C[C@]1(c2ccccc2)CC(=O)N(CCO)C1=O,0.3285
620,O=S(=O)(c1ccccc1)c1ccc(CN=C(O)C2=CC3C=NN=C3N=C2)cc1,0.3421
621,C[C@@H](O)[C@H](N)C(O)=NS(=O)(=O)c1cccc(-c2ccc3c(=N)[nH]cnc3c2)c1,0.3849
622,O=C(O)[C@@H]1CC[C@H](c2ccccc2)N1C(=O)CN=C(O)[C@@H](S)Cc1ccccc1,0.4060
623,C[C@]1(c2ccccc2)CC(=O)N(CCOc2ccc(F)c(C#N)c2)C1,0.3567
624,O=C(O)[C@@H](C/C=C/c1ccccc1)N=C(O)c1ccc2ccccc2c1,0.2394
625,C[C@](O)(COc1ccc(F)cc1)C(O)=Nc1ccc([N+](=O)[O-])c2ccccc12,0.2933
626,O=S(=O)(c1ccccc1)c1ccc(CN=C(O)C2=CC3C=NC=CC3=N2)cc1,0.3686
627,C[C@](O)(COc1ccc(F)cc1)C(O)=Nc1ccc([N+](=O)[O-])c(C(F)(F)F)c1,0.3488
628,C[C@@H]1C(O)=NCCCN1C(=O)C[C@H](N)Cc1cc(F)c(F)cc1F,0.3228
629,CS(=O)(=O)n1cc2c(n1)CN([C@H]1CO[C@H](c3cc(F)ccc3F)[C@@H](N)C1)C2,0.5086
630,COc1ccc2c(c1)cc(C(O)=NS(=O)(=O)N1CCOCC1)n2CC(=O)O,0.4760
631,CC[C@H]1C(O)=Nc2ccc(F)cc2N1C(=O)OC(C)C,0.4215
632,O=C(O)[C@@H]1CC[C@H](c2ccccc2)N1C(=O)CN=C(O)[C@@H](S)c1ccccc1,0.4144
633,O=C1C[C@@H](N2CCOCC2)Oc2c(-c3ccc4c(c3)OCCO4)csc21,0.4853
634,C[C@]1(c2ccccc2)CC(=O)N(CCOc2ccc(F)c(C#N)c2)C1=O,0.3979
635,C[C@](O)(COc1ccc(F)cc1)C(O)=Nc1ccc([N+](=O)[O-])cc1,0.2487
636,O=C(O)[C@H](CO)N=C(O)c1cccc(O)c1O,0.2406
637,O=S(=O)(c1ccccc1)N1CCC[C@@H]1C(O)=NO,0.3325
638,O=C(O)c1ccc(O)c2ncc(N3CCNCC3)cc12,0.3866
639,C[C@@H](O)[C@H](N)C(O)=NS(=O)(=O)c1ccccc1,0.2521
640,O=C(O)[C@@H]1CC[C@H](c2ccccc2)N1C(=O)CN=C(O)[C@@H](S)Cc1ccccc1,0.4060
641,O=C(O)[C@@H](C/C=C/c1ccccc1)N=C(O)c1ccc2ccccc2c1,0.2394
642,CS(=O)(=O)n1ccc2c1NC(N1CCOCC1)=NC2c1cnc(=N)[nH]c1,0.5000
643,O=S(=O)(N1CCc2cc(O)ccc2C1)C(F)(F)F,0.3359
644,C[C@H](C(=O)O)c1ccc(-c2ccccc2)c(F)c1,0.2489
645,C[C@](O)(COc1ccc(F)cc1)C(O)=Nc1ccc([N+](=O)[O-])c2ccccc12,0.2933
646,O=P(O)(O)OC[C@@H](Cc1ccccc1)N=C(O)c1cc2ccccc2s1,0.3410
647,O=C(O)[C@H](CO)N=C(O)c1cccc(O)c1O,0.2406
648,O=C(Nc1ccc([N+](=O)[O-])cc1)N1CCS[C@@H](c2ccccc2)C1,0.3003
649,C[C@@H](C(=O)O)c1ccc(-c2ccccc2)c(F)c1,0.2489
650,CS(=O)(=O)Nc1ccc([N+](=O)[O-])cc1OC1CCCCC1,0.2983
651,CS(=O)(=O)n1ccc2c1NC(N1CCOCC1)=NC2c1cnc(=O)[nH]c1,0.5028
652,O=C(O)[C@@H]1CC[C@H](c2ccccc2)N1C(=O)OCc1ccccc1,0.3833
653,C[C@@H](O)[C@H](N)C(O)=NS(=O)(=O)c1ccccc1,0.2521
654,COc1ccc2c(c1)N(C(=O)OC(C)C)[C@@H](CSC)C(S)=N2,0.4383
655,CS(=O)(=O)Nc1ccc([N+](=O)[O-])c2cccnc12,0.3167
656,C[C@](O)(COc1ccc(F)cc1)C(O)=Nc1ccc([N+](=O)[O-])cc1,0.2487
657,CS(=O)(=O)Nc1ccc([N+](=O)[O-])cc1OC1CCOCC1,0.3015
658,O=C(Nc1ccc([N+](=O)[O-])cc1)C1CC1,0.1603
659,C[C@H](C(=O)O)c1ccc(-c2ccccc2)cc1,0.1953
660,C[C@@H]1C[C@H]2O[C@@H]2/C=C\C=C\C(=O)Cc2c(Cl)c(O)cc(O)c2C(=O)O1,0.4566
661,C[C@@H](O)[C@H](NC(=O)c1ccc(C#CC#Cc2ccccc2)cc1)C(O)=NO,0.2745
662,O=C(O)[C@@H]1CC[C@H](c2ccccc2)N1C(=O)CN=C(O)[C@@H](S)Cc1ccccc1,0.4060
663,C[C@@H](O)[C@H](N)C(O)=NS(O)(O)OC[C@H]1O[C@@H](n2cnc3c(N)ncnc32)[C@H](O)[C@@H]1O,0.5086
664,C[C@@H](O)[C@H](N)C(O)=NS(=O)(=O)c1cccc(-c2ccc3c(=N)[nH]cnc3c2)c1,0.3849
665,C[C@]12CC[C@@H]3c4ccc(O)cc4CC[C@H]3[C@@H]1C[C@@H](O)[C@H]2O,0.2969
666,O=S(=O)(c1ccc2c(c1)CN[C@@H](CF)C2)N1CCSCC1,0.3925
667,O=C1N=C(O)/C(=C/c2ccc3c(c2)OC(F)(F)O3)S1,0.3314
668,C[C@@H](O)[C@H](NC(=O)c1ccc(C#Cc2ccccc2)cc1)C(O)=NO,0.2719
669,C[C@]12CCc3c(ccc4cc(O)ccc34)[C@@H]1CCC2=O,0.3137
670,O=C(O)[C@@H](C/C=C/c1ccccc1)N=C(O)c1ccc2ccccc2c1,0.2394
671,C[C@@H](C(=O)N1CCOCC1)N1CC[C@H](NS(=O)(=O)c2cc3ccccc3s2)C1=O,0.4246
672,N[C@@H](CCC(O)=N[C@@H](CS[C@@H]1c2ccccc2-c2ccccc2[C@H]1O)C(=O)O)C(=O)O,0.4416
673,O=S(=O)(N1CCc2cc(O)ccc2C1)C(F)(F)F,0.3359
674,C[C@@H](O)[C@H](N)C(O)=NS(=O)(=O)c1ccccc1,0.2521
675,C[C@]12CC[C@H](O)C[C@@H]1CC[C@@H]1[C@@H]2CC[C@]2(C)[C@@H](O)CC[C@@H]12,0.0980
676,C[C@]12CC[C@@H]3c4ccc(O)cc4CC[C@H]3[C@@H]1C[C@@H](O)[C@@H]2O,0.2969
677,C[C@]12CC[C@@H]3c4ccc(O)cc4CC[C@H]3[C@@H]1CC[C@@H]2O,0.2854
678,O=C(O)[C@@H]1CC[C@H](c2ccccc2)N1C(=O)CN=C(O)[C@@H](S)CS,0.3872
679,O=S(=O)(c1ccc2c(c1)CN[C@@H](CF)C2)N1CCOCC1,0.3900
680,O=S(=O)(c1ccccc1)c1ccc(CN=C(O)C2=CC3C=NN=C3N=C2)cc1,0.3421
681,O=C(O)[C@@H](C/C=C/c1ccccc1)N=C(O)c1ccc2ccccc2c1,0.2394
682,CC[C@@H](C)C(SC[C@H](N)C(=O)O)(c1ccccc1)c1ccccc1,0.2793
683,C[C@@H]1C(O)=NCCCN1C(=O)C[C@H](N)Cc1cc(F)c(F)cc1F,0.3228
684,C[C@]1(c2ccccc2)CC(=O)N(CCOc2ccc(F)c(C#N)c2)C1,0.3567
685,COc1cc2c(cc1OC)[C@@H]1C[C@H](N)[C@@H](c3cccc(CF)c3)CN1CC2,0.4376
686,Cc1cc(O)c2c(c1)C(=O)c1cc(O)cc(O)c1C2=O,0.2878
687,C[C@@H](O)[C@H](NC(=O)c1ccc(C#Cc2ccccc2)cc1)C(O)=NO,0.2719
688,C[C@@H](O)[C@H](NC(=O)c1ccc(C#CC#Cc2ccccc2)cc1)C(O)=NO,0.2745
689,C[C@]12CCc3c(ccc4cc(O)ccc34)[C@@H]1CCC2=O,0.3137
690,Cc1c(O)nc(=O)n(COCCO)c1Sc1ccccc1,0.3751
691,C[C@@H](C(=O)O)c1ccc(-c2ccccc2)c(F)c1,0.2489
692,C[C@@H](O)[C@H](N)C(O)=NS(=O)(=O)c1cccc2ccccc12,0.2865
693,C[C@]1(c2ccccc2)CC(=O)N(CCOc2ccc(F)c(C#N)c2)C1=O,0.3979
694,O=S(=O)(c1ccc(CN=C(O)n2cc3ccncc3c2)cc1)C1CCOCC1,0.3418
695,O=C(O)[C@H](CO)N=C(O)c1cccc(O)c1O,0.2406
696,C[C@H](N=C(O)CCc1nc(O)c2ccccc2n1)c1ccncc1,0.3146
697,C[C@@H](O)[C@H](N)C(O)=NS(=O)(=O)c1ccccc1,0.2521
698,Cc1c(O)nc(=O)n(C)c1/C=C(/CO)CF,0.3321
699,Cc1c(O)nc(=O)n(C)c1C[C@H](CO)CF,0.3370
700,C[C@@H]1C[C@H]2O[C@@H]2/C=C\C=C\C(=O)Cc2c(Cl)c(O)cc(O)c2C(=O)O1,0.4566
701,C[C@]12CC[C@@H]3c4ccc(O)cc4CC[C@H]3[C@@H]1C[C@@H](O)[C@H]2O,0.2969
702,COC(=O)[C@@H]1C[C@H](C(=O)O)N[C@H]1[C@H](CC(C)C)N=C(C)O,0.3159
703,C[C@]12CCc3c(ccc4cc(O)ccc34)[C@@H]1CCC2=O,0.3137
704,C[C@]1(O)CC[C@H]2[C@@H]3CCC4=CC(=O)CC[C@@H]4[C@H]3CC[C@@]21C,0.1806
705,C[C@]12CC[C@@H]3c4ccc(O)cc4CC[C@H]3[C@@H]1CC[C@@H]2O,0.2854
706,O=C(O)C1=C(C(O)=Nc2ccc(-c3cccc(O)c3)cc2F)CCC1,0.3440
707,C[C@]12CC[C@@H]3c4ccc(O)cc4CC[C@H]3[C@@H]1C[C@@H](O)[C@@H]2O,0.2969
708,Cc1c(O)nc(=O)n(C)c1/C=C(/CO)CF,0.3321
709,C[C@]1(O)CC[C@H]2[C@@H]3CCc4cc(O)ccc4C3C=C[C@@]21C,0.3621
710,C[C@](O)(COc1ccc(F)cc1)C(O)=Nc1ccc([N+](=O)[O-])cc1,0.2487
711,O=C(O)C1=C(C(O)=Nc2ccc(-c3ccccc3)cc2F)CCC1,0.3200
712,C[C@]12CC[C@@H]3c4ccc(O)cc4CC[C@H]3[C@@H]1C[C@@H](O)[C@@]2(O)C(=O)O,0.3672
713,C#Cc1cn([C@@H]2O[C@H](CO)[C@@H](O)C2(F)F)c(=O)nc1O,0.4776
714,C[C@](O)(COc1ccc(Cl)cc1)C(O)=Nc1ccc(C#N)cc1,0.2539
715,C#Cc1cn([C@@H]2O[C@H](CO)[C@@H](O)[C@@H]2C)c(=O)nc1O,0.4150
716,C[C@](O)(COc1ccc(F)cc1)C(O)=Nc1ccc(C#N)cc1,0.2451
717,C[C@](O)(COc1ccc(Cl)cc1)C(O)=Nc1ccc(C#N)cn1,0.2986
718,C[C@]12CCc3c(ccc4cc(O)ccc34)[C@@H]1CC[C@@H]2O,0.3223
719,Cc1c(O)nc(=O)n(C)c1C[C@H](CO)CF,0.3370
720,O=C(O)[C@@H]1CC[C@H](c2ccccc2)N1C(=O)CN=C(O)[C@@H](S)Cc1ccccc1,0.4060
721,O=C(O)c1ccc(O[C@H]2CC[C@H](N=C(O)N[C@]34C[C@H]5C[C@H](C[C@H](C5)C3)C4)CC2)cc1,0.2742
722,C[C@]12CCc3c(ccc4cc(O)ccc34)[C@@H]1CCC2=O,0.3137
723,O=C(O)C1=C(C(O)=Nc2ccc(-c3cccc(OC(F)(F)F)c3)cc2F)CCC1,0.3668
724,C[C@@H](C(=O)N1CCOCC1)N1CC[C@H](NS(=O)(=O)c2cc3ccc(Cl)cc3s2)C1=O,0.4443
725,O=S(=O)(c1ccccc1)c1ccc(CN=C(O)C2=CC3C=NC=CC3=N2)cc1,0.3686
726,C[C@]1(c2ccccc2)CC(=O)N(CCOc2ccc(F)c(C#N)c2)C1,0.3567
727,O=S(=O)(c1ccccc1)c1ccc(CN=C(O)C2=CC3C=NN=C3N=C2)cc1,0.3421
728,COc1ccc2c(c1)N(C(=O)OC(C)C)[C@@H](CSC)C(S)=N2,0.4383
729,O=C(O)[C@]1(O)C=C([C@H](O)Cc2ccccc2)[C@@H](O)[C@H](O)C1,0.3259
730,COC(=O)[C@@H]1C[C@H](C(=O)O)N[C@H]1[C@H](CC(C)C)N=C(C)O,0.3159
731,O=C(O)[C@@H](C/C=C/c1ccccc1)N=C(O)c1ccc2ccccc2c1,0.2394
732,C[C@]12CCC(=O)C=C1CC[C@@H]1[C@@H]2C(=O)C[C@@]2(C)[C@H]1CC[C@]2(O)C(=O)CO,0.2530
733,C[C@]12CC[C@@H]3c4ccc(O)cc4CC[C@H]3[C@@H]1C[C@@H](O)[C@H]2O,0.2969
734,C[C@]12CCC(=O)C=C1CC[C@@H]1[C@@H]2C(=O)C[C@@]2(C)[C@H]1CC[C@]2(O)c1ccc(O)cc1,0.3628
735,O=C(O)C1=C(C(O)=Nc2ccc(-c3cccc(O)c3)cc2F)CCC1,0.3440
736,C[C@]12C=CC(=O)C=C1CC[C@@H]1[C@@H]2C(=O)C[C@@]2(C)[C@H]1CC[C@]2(O)C(=O)CO,0.2764
737,C[C@]1(c2ccccc2)CC(=O)N(CCOc2ccc(F)c(C#N)c2)C1=O,0.3979
738,C[C@]12CC(=O)[C@H]3[C@@H](CCC4=CC(=O)CC[C@@]43C)[C@@H]1CC[C@@H]2O,0.2123
739,C[C@]12CC[C@@H]3c4ccc(O)cc4CC[C@H]3[C@@H]1CC[C@@H]2O,0.2854
740,CS(=O)(=O)n1cc2c(n1)CN([C@H]1CO[C@H](c3cc(F)c(F)cc3F)[C@@H](N)C1)C2,0.5150
741,O=S(=O)(c1ccccc1)c1ccc(CN=C(O)C2=CC3C=NN=C3N=C2)cc1,0.3421
742,O=S(=O)(c1ccccc1)c1ccc(CN=C(O)C2=CC3C=NC=CC3=N2)cc1,0.3686
743,O=C(O)[C@@H](C/C=C/c1ccccc1)N=C(O)c1ccc2ccccc2c1,0.2394
744,C[C@@H](C(=O)N1CCOCC1)N1CC[C@H](NS(=O)(=O)c2cc3ccc(Cl)cc3s2)C1=O,0.4443
745,O=C(O)C1=C(C(O)=Nc2ccc(-c3cccc(OC(F)(F)F)c3)cc2F)CCC1,0.3668
746,C[C@@H](C(=O)N1CCOCC1)N1CC[C@H](NS(=O)(=O)c2cc3cc(Cl)ccc3s2)C1=O,0.4421
747,O=C(Nc1ccc([N+](=O)[O-])cc1)N1CCS[C@@H](c2ccccc2)C1,0.3003
748,O=C1N(Cc2ccccc2)[C@H](CO)[C@H](O)[C@@H](O)[C@@H](COc2ccccc2)N1Cc1ccccc1,0.3634
749,CS(=O)(=O)n1cc2c(n1)CN([C@H]1CO[C@H](c3cc(F)ccc3F)[C@@H](N)C1)C2,0.5086
750,CS(=O)(=O)n1cc2c(n1)CN([C@H]1CO[C@H](c3cc(F)c(F)cc3F)[C@@H](O)C1)C2,0.5270
751,O=S(=O)(c1ccc2c(c1)CN[C@@H](CF)C2)N1CCSCC1,0.3925
752,O=C(N1CCc2cc(O)ccc2C1)C(F)(F)F,0.3184
753,O=C1N=C(O)/C(=C/c2ccc3c(c2)OC(F)(F)O3)S1,0.3314
754,O=S(=O)(N1CCc2cc(O)ccc2C1)C(F)(F)F,0.3359
755,O=C(O)[C@H](CO)N=C(O)c1cccc(O)c1O,0.2406
756,O=S(=O)(c1ccc(CN=C(O)n2cc3ccncc3c2)cc1)N1CCC[C@@H]1C(O)=NO,0.4491
757,COc1ccc2c(c1)N(C(=O)OC(C)C)[C@@H](CSC)C(S)=N2,0.4383
758,O=C(Nc1ccc([N+](=O)[O-])cc1)C1CC1,0.1603
759,O=S(=O)(c1ccc(F)cc1)N1CCOCC1,0.2292
760,O=S(=O)(c1ccccc1)c1ccc(CN=C(O)C2=CC3C=NC=CC3=N2)cc1,0.3686
761,O=C(O)[C@@H]1CC[C@H](c2ccccc2)N1C(=O)CN=C(O)[C@@H](S)Cc1ccccc1,0.4060
762,O=C(O)C1=C(C(O)=Nc2ccc(-c3cccc(OC(F)(F)F)c3)cc2F)CCC1,0.3668
763,CC1=C(CCOP(=O)(O)OP(=O)(O)O)SCN1Cc1cnc(C)[nH]c1=N,0.3585
764,O=S(=O)(c1ccccc1)c1ccc(CN=C(O)C2=CC3C=NN=C3N=C2)cc1,0.3421
765,C[C@@H](C(=O)N1CCOCC1)N1CC[C@H](NS(=O)(=O)/C=C/c2ccc(Cl)s2)C1=O,0.3801
766,COc1ccc2c(c1)N(C(=O)OC(C)C)[C@@H](CSC)C(S)=N2,0.4383
767,O=C(O)[C@@H](C/C=C/c1ccccc1)N=C(O)c1ccc2ccccc2c1,0.2394
768,COc1ccc2c(c1)cc(C(O)=NS(=O)(=O)N1CCOCC1)n2CC(=O)O,0.4760
769,O=C(O)[C@]1(O)C=C([C@H](O)Cc2ccccc2)[C@@H](O)[C@H](O)C1,0.3259
770,O=C(O)[C@]1(O)C=C(CCC(O)=Nc2ccccc2)[C@@H](O)[C@H](O)C1,0.3005
771,COC(=O)[C@@H]1C[C@H](C(=O)O)N[C@H]1[C@H](CC(C)C)N=C(C)O,0.3159
772,O=C(O)C1=NC(c2ccccc2)=NC1C(=O)O,0.3321
773,C[C@]12CC[C@@H]3c4ccc(O)cc4CC[C@H]3[C@@H]1C[C@@H](O)[C@H]2O,0.2969
774,O=C(O)[C@@H](C/C=C/c1ccccc1)N=C(O)c1ccc2c(c1)OCO2,0.2961
775,COc1ccc(S(=O)(=O)N(CC(C)C)C[C@@H](O)NO)cc1,0.2905
776,O=C(O)[C@@H](C/C=C/c1ccccc1)N=C(O)c1cccc(O)c1O,0.2840
777,COc1ccc([C@H]2CN=C(O)C2)cc1OC1CCCC1,0.2947
778,C[C@]12CC[C@@H]3c4ccc(O)cc4CC[C@H]3[C@@H]1CC[C@@H]2O,0.2854
779,O=S(=O)(c1ccc(F)cc1)N1CCOCC1,0.2292
780,C[C@]12CC[C@@H]3c4ccc(O)cc4CC[C@H]3[C@@H]1C[C@@H](O)[C@H]2O,0.2969
781,C[C@]12CC[C@@H]3c4ccc(O)cc4CC[C@H]3[C@@H]1CC[C@@H]2O,0.2854
782,O=C(O)[C@@H](C/C=C/c1ccccc1)N=C(O)c1ccc2ccccc2c1,0.2394
783,C#Cc1cn([C@@H]2O[C@H](CO)[C@@H](O)[C@@H]2C)c(=O)nc1O,0.4150
784,C[C@]12CCc3c(ccc4cc(O)ccc34)[C@@H]1CCC2=O,0.3137
785,C[C@@H](C(=O)O)c1ccc(-c2ccccc2)c(F)c1,0.2489
786,C#Cc1cn([C@@H]2O[C@H](CO)[C@@H](O)C2(F)F)c(=O)nc1O,0.4776
787,C[C@@H](O)[C@H](N)C(O)=NS(=O)(=O)c1cccc2ccccc12,0.2865
788,O=C(O)[C@]1(O)C=C([C@H](O)Cc2ccccc2)[C@@H](O)[C@H](O)C1,0.3259
789,C[C@]12CC[C@@H]3c4ccc(O)cc4CC[C@H]3[C@@H]1C[C@@H](O)[C@@H]2O,0.2969
790,C[C@](O)(COc1ccc(F)cc1)C(O)=Nc1ccc([N+](=O)[O-])cc1,0.2487
791,C[C@@H]1C[C@H]2[C@@H]3CCc4cc(O)ccc4[C@H]3CC[C@]2(C)[C@H]1O,0.2868
792,C[C@@H](O)[C@H](N)C(O)=NS(=O)(=O)c1ccccc1,0.2521
793,O=C(O)[C@@H](C/C=C/c1ccccc1)N=C(O)c1ccc2cc(O)ccc2c1,0.2549
794,C#Cc1cn([C@@H]2O[C@H](CO)[C@@H](O)[C@@H]2F)c(=O)nc1O,0.4455
795,C[C@]12CC[C@@H]3c4ccc(O)cc4CC[C@H]3[C@@H]1C[C@H](O)[C@H]2O,0.2969
796,O=C(O)[C@H](CO)N=C(O)c1cccc(O)c1O,0.2406
797,O=P(O)(O)OC[C@@H](Cc1ccccc1)N=C(O)CCc1ccc(O)cc1,0.2312
798,O=C(O)[C@@H](C/C=C/c1ccccc1)N=C(O)c1cccc(O)c1O,0.2840
799,C[C@]12CCc3c(ccc4cc(O)ccc34)[C@@H]1CC[C@@H]2O,0.3223
800,C[C@@H](C(=O)N1CCOCC1)N1CC[C@H](NS(=O)(=O)c2ccc3cc(Cl)ccc3c2)C1=O,0.3801
801,O=C(O)c1ccc(O[C@H]2CC[C@H](N=C(O)N[C@]34C[C@H]5C[C@H](C[C@H](C5)C3)C4)CC2)cc1,0.2742
802,O=C(O)[C@@H]1CC[C@H](c2ccccc2)N1C(=O)CN=C(O)[C@@H](S)Cc1ccccc1,0.4060
803,C[C@@H](O)[C@H](NC(=O)c1ccc(C#CC#Cc2ccccc2)cc1)C(O)=NO,0.2745
804,C[C@@H](C(=O)N1CCOCC1)N1CC[C@H](NS(=O)(=O)c2cc3ccc(Cl)cc3s2)C1=O,0.4443
805,O=C(O)C1=C(C(O)=Nc2ccc(-c3cccc(OC(F)(F)F)c3)cc2F)CCC1,0.3668
806,CC[C@@H](C)C(SC[C@H](N)C(=O)O)(c1ccccc1)c1ccccc1,0.2793
807,O=C1N=C(O)/C(=C/c2ccc3c(c2)OC(F)(F)O3)S1,0.3314
808,O=S(=O)(c1ccccc1)c1ccc(CN=C(O)C2=CC3C=NC=CC3=N2)cc1,0.3686
809,C[C@@H](C(=O)N1CCOCC1)N1CC[C@H](NS(=O)(=O)c2cc3cc(Cl)ccc3s2)C1=O,0.4421
810,COc1ccc2c(c1)cc(C(O)=NS(=O)(=O)N1CCOCC1)n2CC(=O)O,0.4760
811,C[C@@H](C(=O)N1CCOCC1)N1CC[C@H](NS(=O)(=O)c2nc3ccc(Cl)cc3[nH]2)C1=O,0.4049
812,O=S(=O)(c1ccccc1)c1ccc(CN=C(O)C2=CC3C=NN=C3N=C2)cc1,0.3421
813,C[C@@H](C(=O)N1CCOCC1)N1CC[C@H](NS(=O)(=O)c2cc3cc(Cl)ccc3[nH]2)C1=O,0.4447
814,O=C(O)[C@@H](C/C=C/c1ccccc1)N=C(O)c1ccc2ccccc2c1,0.2394
815,O=C(O)[C@@H](C/C=C/c1ccccc1)N=C(O)c1ccc2c(c1)OCO2,0.2961
816,COc1ccc2c(c1)N(C(=O)OC(C)C)[C@@H](CSC)C(S)=N2,0.4383
817,C[C@]12CC[C@@H]3c4ccc(O)cc4CC[C@H]3[C@@H]1C[C@@H](O)[C@H]2O,0.2969
818,O=S(=O)(c1ccc2c(c1)CN[C@@H](CF)C2)N1CCSCC1,0.3925
819,O=C(O)C1=NC(c2ccccc2)=NC1C(=O)O,0.3321
820,C[C@@H](O)[C@H](N)C(O)=NS(=O)(=O)c1cccc(-c2ccc3c(=N)[nH]cnc3c2)c1,0.3849
821,CS(=O)(=O)n1cc2c(n1)CN([C@H]1CO[C@H](c3cc(F)c(F)cc3F)[C@@H](N)C1)C2,0.5150
822,C[C@@H](O)[C@H](N)C(O)=NS(O)(O)OC[C@H]1O[C@@H](n2cnc3c(N)ncnc32)[C@H](O)[C@@H]1O,0.5086
823,Cc1ncc(Cn2c(C)c(CCOP(=O)(O)OP(=O)(O)O)sc2=O)c(=N)[nH]1,0.4093
824,CS(=O)(=O)c1ccc2c(c1)nc1n2C[C@H](N)[C@@H](c2cc(F)c(F)cc2F)C1,0.5216
825,O=C(O)[C@H](CO)N=C(O)c1cccc(O)c1O,0.2406
826,O=P(O)(O)OC[C@H]1O[C@@H](n2cnc3c(OP(=O)(O)O)ncnc32)C[C@@H]1O,0.4748
827,O=C(O)[C@H]1[C@H]2CC[C@H](CC2)[C@@H]1N=c1[nH]c(C2C=Nc3ncc(F)cc32)ncc1F,0.4950
828,O=C(O)[C@@H](C/C=C/c1ccccc1)N=C(O)c1ccc2ccccc2c1,0.2394
829,O=P(O)(O)OC[C@H]1O[C@@H](n2cnc3c(O)ncnc32)[C@H](O)[C@@H]1O,0.4714
830,CS(=O)(=O)n1cc2c(n1)CN([C@H]1CO[C@H](c3cc(F)ccc3F)[C@@H](N)C1)C2,0.5086
831,O=P(O)(O)OC[C@@H](Cc1ccccc1)N=C(O)c1cc2ccccc2s1,0.3410
832,C#Cc1cn([C@@H]2O[C@H](CO)[C@@H](O)C2(F)F)c(=O)nc1O,0.4776
833,O=P(O)(O)OC[C@H]1O[C@@H](n2cnc3c(OP(=O)(O)O)ncnc32)[C@H](O)[C@@H]1O,0.5075
834,C#Cc1cn([C@H]2C[C@H](O)[C@@H](CO)O2)c(=O)nc1O,0.3864
835,C[C@@H](O)[C@H](N)C(O)=NS(=O)(=O)c1cccc(-c2ccc3c(=N)[nH]cnc3c2)n1,0.4378
836,C[C@@H](C(=O)O)c1ccc(-c2ccccc2)c(F)c1,0.2489
837,C#Cc1cn([C@@H]2O[C@H](CO)[C@@H](O)[C@@H]2C)c(=O)nc1O,0.4150
838,C#Cc1cn([C@@H]2O[C@H](CO)[C@@H](O)[C@@H]2F)c(=O)nc1O,0.4455
839,O=P(O)(O)OC[C@H]1O[C@@H](n2cnc3c(O)ncnc32)C[C@@H]1O,0.4333
840,O=C(O)[C@@H]1CC[C@H](c2ccccc2)N1C(=O)CN=C(O)[C@@H](S)Cc1ccccc1,0.4060
841,O=C(O)[C@H]1CC(O)=NC(=O)N1[C@@H]1O[C@H](COP(=O)(O)O)[C@@H](O)[C@H]1O,0.4504
842,O=C(O)[C@@H](C/C=C/c1ccccc1)N=C(O)c1ccc2ccccc2c1,0.2394
843,O=S(=O)(c1ccccc1)c1ccc(CN=C(O)C2=CC3C=NN=C3N=C2)cc1,0.3421
844,COC(=O)[C@H](COC=O)N=C(O)c1cccc(O)c1O,0.2674
845,C[C@]12CC[C@@H]3c4ccc(O)cc4CC[C@H]3[C@@H]1C[C@@H](O)[C@H]2O,0.2969
846,C[C@]12CCc3c(ccc4cc(O)ccc34)[C@@H]1CCC2=O,0.3137
847,O=C(O)C1=NC(c2ccccc2)=NC1C(=O)O,0.3321
848,O=C(O)[C@H](CO)N=C(O)c1cccc(O)c1O,0.2406
849,COc1ccc2c(c1)cc(C(O)=NS(=O)(=O)N1CCOCC1)n2CC(=O)O,0.4760
850,O=C(O)[C@H](CCCN1C(=O)[C@@]2(N=C1O)O[C@H](CO)[C@@H](O)[C@H]2O)N(O)CO,0.5180
851,O=C(O)[C@@H](C/C=C/c1ccccc1)N=C(O)c1cccc(O)c1O,0.2840
852,O=C1C[C@@H](N2CCOCC2)Oc2c(-c3ccc4c(c3)OCCO4)csc21,0.4853
853,CS(=O)(=O)Nc1ccc([N+](=O)[O-])cc1OC1CCCCC1,0.2983
854,COc1ccc(S(=O)(=O)N(CC(C)C)C[C@@H](O)NO)cc1,0.2905
855,O=C(O)[C@@H]1CC[C@H](c2ccccc2)N1C(=O)CN=C(O)[C@@H](S)CCc1ccccc1,0.4008
856,O=C(O)[C@@H]1CC[C@H](c2ccccc2)N1C(=O)CN=C(O)OCc1ccccc1,0.4018
857,C[C@]12CC[C@@H]3c4ccc(O)cc4CC[C@H]3[C@@H]1C[C@@H](O)[C@@H]2O,0.2969
858,C[C@]12CC[C@@H]3c4ccc(O)cc4CC[C@H]3[C@@H]1CC[C@@H]2O,0.2854
859,C[C@]12CCc3c(ccc4cc(O)ccc34)[C@@H]1CC[C@@H]2O,0.3223
860,O=S(=O)(c1ccccc1)c1ccc(CN=C(O)C2=CC3C=NC=CC3=N2)cc1,0.3686
861,O=S(=O)(c1ccccc1)c1ccc(CN=C(O)C2=CC3C=NN=C3N=C2)cc1,0.3421
862,C[C@@H](C(=O)N1CCOCC1)N1CC[C@H](NS(=O)(=O)c2cc3ccc(Cl)cc3s2)C1=O,0.4443
863,C[C@@H](C(=O)N1CCOCC1)N1CC[C@H](NS(=O)(=O)c2nc3ccc(Cl)cc3[nH]2)C1=O,0.4049
864,C[C@@H](C(=O)N1CCOCC1)N1CC[C@H](NS(=O)(=O)c2cc3cc(Cl)ccc3s2)C1=O,0.4421
865,C[C@@H](C(=O)N1CCOCC1)N1CC[C@H](NS(=O)(=O)/C=C/c2ccc(Cl)s2)C1=O,0.3801
866,O=C(O)[C@H]1CCCC[C@H]1C(=O)N1CCc2ccccc2[C@H]1CN1C(=O)c2ccccc2C1=O,0.4941
867,C[C@]12CCc3c(ccc4cc(O)ccc34)[C@@H]1CCC2=O,0.3137
868,O=C(Nc1ccc([N+](=O)[O-])cc1)N1CCS[C@@H](c2ccccc2)C1,0.3003
869,O=S(=O)(c1ccc2c(c1)CN[C@@H](CF)C2)N1CCSCC1,0.3925
870,C[C@](O)(COc1ccc(F)cc1)C(O)=Nc1ccc([N+](=O)[O-])c2ccccc12,0.2933
871,COC(=O)[C@@H]1CS[C@]2(c3ccccc3)c3ccccc3C(=O)N12,0.5288
872,O=C(N1CCc2cc(O)ccc2C1)C(F)(F)F,0.3184
873,O=C(O)C1=NC(c2ccccc2)=NC1C(=O)O,0.3321
874,COc1ccc(S(=O)(=O)N(CCO)CC(O)=NO)cc1,0.2795
875,O=S1(=O)N=C(O)C=C1c1cccc(O)c1,0.2867
876,C[C@@H](C(=O)N1CCOCC1)N1CC[C@H](NS(=O)(=O)c2ccc3cc(Cl)ccc3c2)C1,0.3396
877,C[C@]12CCc3c(ccc4cc(O)ccc34)[C@@H]1CC[C@@H]2O,0.3223
878,C[C@]12CCc3c(ccc4cc(O)ccc34)[C@@H]1CC(O)=N2,0.3828
879,O=S(=O)(c1ccc(F)cc1)N1CCOCC1,0.2292
880,O=C(O)[C@@H]1CC[C@H](c2ccccc2)N1C(=O)CN=C(O)[C@@H](S)Cc1ccccc1,0.4060
881,C[C@]12CC[C@@H]3c4ccc(O)cc4CC[C@H]3[C@@H]1C[C@@H](O)[C@H]2O,0.2969
882,OC[C@H]1O[C@@H](N=C(S)N/N=C/c2ccccc2Cl)[C@H](O)[C@@H](O)[C@@H]1O,0.3359
883,C[C@]12CC[C@@H]3c4ccc(O)cc4CC[C@H]3[C@@H]1CC[C@@H]2O,0.2854
884,O=C(O)[C@@H](C/C=C/c1ccccc1)N=C(O)c1ccc2ccccc2c1,0.2394
885,OC[C@H]1O[C@@H](N=C(S)N/N=C/c2cccc(O)c2)[C@H](O)[C@@H](O)[C@@H]1O,0.3210
886,O=C(O)[C@H]1CC(O)=NC(=O)N1[C@@H]1O[C@H](COP(=O)(O)O)[C@@H](O)[C@H]1O,0.4504
887,O=C(O)[C@H](CO)N=C(O)c1cccc(O)c1O,0.2406
888,OC[C@H]1O[C@@H](N=C(S)N/N=C/c2ccccc2O)[C@H](O)[C@@H](O)[C@@H]1O,0.3294
889,C[C@@H]1CCN(C(=O)CC#N)C[C@@H]1N(C)c1ncnc2[nH]ccc12,0.4065
890,C[C@]12CC[C@@H]3c4ccc(O)cc4CC[C@H]3[C@@H]1CC[C@@H]2Nc1ccc(C(=O)O)cc1,0.3775
891,O=C(O)C1=NC(c2ccccc2)=NC1C(=O)O,0.3321
892,C[C@@H](O)[C@H](N)C(O)=NS(=O)(=O)c1ccccc1,0.2521
893,O=C(O)[C@@H]1CC[C@H](c2ccccc2)N1C(=O)CN=C(O)[C@@H](S)c1ccccc1,0.4144
894,O=C(O)[C@@H](C/C=C/c1ccccc1)N=C(O)c1cccc(O)c1O,0.2840
895,C[C@]12CC[C@@H]3c4ccc(O)cc4CC[C@H]3[C@@H]1C[C@@H](O)[C@@H]2O,0.2969
896,C[C@]12CC[C@@H]3c4ccc(O)cc4CC[C@H]3[C@@H]1CC[C@@H]2N,0.2925
897,C[C@]12CC[C@@H]3c4ccc(O)cc4CC[C@H]3[C@@H]1C[C@H](O)[C@H]2O,0.2969
898,COc1ccc([C@@H]2CN=C(O)C2)cc1OC1CCCC1,0.2947
899,C[C@@H](O)[C@H](N)C(O)=NO,0.0729
900,C[C@@H]1C(O)=NCCCN1C(=O)C[C@H](N)Cc1cc(F)c(F)cc1F,0.3228
901,O=C(O)[C@@H](C/C=C/c1ccccc1)N=C(O)c1ccc2ccccc2c1,0.2394
902,O=C(O)[C@@H]1CC[C@H](c2ccccc2)N1C(=O)CN=C(O)[C@@H](S)Cc1ccccc1,0.4060
903,O=C1N=C(O)/C(=C/c2ccc3c(c2)OCO3)S1,0.2999
904,O=C1C[C@@H](N2CCOCC2)Oc2c(-c3ccc4c(c3)OCCO4)csc21,0.4853
905,O=C(O)[C@@H](C/C=C/c1ccccc1)N=C(O)c1cccc(O)c1O,0.2840
906,O=C(N1CCc2cc(O)ccc2C1)C(F)(F)F,0.3184
907,C[C@]12CC[C@@H]3c4ccc(O)cc4CC[C@H]3[C@@H]1C[C@@H](O)[C@H]2O,0.2969
908,O=C1N=C(O)/C(=C/c2ccc3c(c2)OC(F)(F)O3)S1,0.3314
909,O=C(O)[C@H](CO)N=C(O)c1cccc(O)c1O,0.2406
910,O=C1C[C@@H](N2CCOCC2)Oc2c(-c3ccc4c(c3)OCO4)csc21,0.4800
911,O=S1(=O)N=C(O)C=C1c1cccc(O)c1,0.2867
912,O=C(N[C@@H]1C[C@@H](CO)N(CC(O)=Nc2ccc(Cl)cc2)C1)c1ccc(Cl)s1,0.3760
913,O=S(=O)(c1ccccc1)N1CCC[C@@H]1C(O)=NO,0.3325
914,C[C@]12CC[C@@H]3c4ccc(O)cc4CC[C@H]3[C@@H]1C[C@@H](O)[C@@H]2O,0.2969
915,O=C(Nc1ccc([N+](=O)[O-])cc1)C1CC1,0.1603
916,C[C@]12CC[C@@H]3c4ccc(O)cc4CC[C@H]3[C@@H]1CC[C@@H]2O,0.2854
917,O=C(O)[C@H]1CS[C@@H](c2nc3ccc(O)cc3s2)N1,0.3887
918,O=C1C[C@@H](N2CCOCC2)Oc2c(-c3ccccc3)csc21,0.4553
919,O=C1N=C(O)/C(=C/c2ccc3c(c2)OCCO3)S1,0.3064
920,C[C@]12CC[C@@H]3c4ccc(O)cc4CC[C@H]3[C@@H]1C[C@@H](O)[C@H]2O,0.2969
921,C[C@]12CC[C@@H]3c4ccc(O)cc4CC[C@H]3[C@@H]1C[C@@H](O)[C@@H]2O,0.2969
922,O=C(O)[C@@H](C/C=C/c1ccccc1)N=C(O)c1ccc2ccccc2c1,0.2394
923,O=C1C[C@@H](N2CCOCC2)Oc2c(-c3ccc4c(c3)OCCO4)csc21,0.4853
924,C[C@]12CCc3c(ccc4cc(O)ccc34)[C@@H]1CCC2=O,0.3137
925,O=C(O)[C@H](CO)N=C(O)c1cccc(O)c1O,0.2406
926,O=C(O)[C@@H]1CC[C@H](c2ccccc2)N1C(=O)CN=C(O)OCc1ccccc1,0.4018
927,C[C@]12CC[C@@H]3c4ccc(O)cc4CC[C@H]3[C@@H]1CC[C@@H]2O,0.2854
928,O=C(O)[C@]1(O)C=C([C@H](O)Cc2ccccc2)[C@@H](O)[C@H](O)C1,0.3259
929,C[C@@H](C(=O)O)c1ccc(-c2ccccc2)c(F)c1,0.2489
930,O=P(O)(O)OC[C@H]1O[C@@H](n2cnc3c(O)ncnc32)[C@H](O)[C@@H]1O,0.4714
931,C[C@@H](O)[C@H](N)C(O)=NS(=O)(=O)c1ccccc1,0.2521
932,C[C@]12CCc3c(ccc4cc(O)ccc34)[C@@H]1CC[C@@H]2O,0.3223
933,O=C(O)[C@@H](C/C=C/c1ccccc1)N=C(O)c1ccc2cc(O)ccc2c1,0.2549
934,O=P(O)(O)OC[C@H]1O[C@@H](n2cnc3c(O)ncnc32)C[C@@H]1O,0.4333
935,O=P(O)(O)OC[C@@H](Cc1ccccc1)N=C(O)CCc1nc2ccccc2[nH]1,0.3231
936,O=C1C[C@@H](c2ccc(O)cc2)Oc2cc(O)cc(O)c21,0.3225
937,O=C(O)[C@@H]1CC[C@H](c2ccccc2)N1C(=O)CN=C(O)Oc1ccccc1,0.4051
938,C[C@]12CC[C@@H]3c4ccc(O)cc4CC[C@H]3[C@@H]1C[C@H](O)[C@H]2O,0.2969
939,C[C@]12CC[C@@H]3c4ccc(O)cc4CC[C@H]3[C@@H]1C[C@@H](O)[C@@H]2N,0.3157
940,CS(=O)(=O)n1ccc2c1NC(N1CCOCC1)=NC2c1cnc(=N)[nH]c1,0.5000
941,O=C(O)[C@@H](C/C=C/c1ccccc1)N=C(O)c1ccc2c(c1)OCO2,0.2961
942,COc1ccc2c(c1)cc(C(O)=NS(=O)(=O)N1CCOCC1)n2CC(=O)O,0.4760
943,O=S(=O)(N1CCc2cc(O)ccc2C1)C(F)(F)F,0.3359
944,O=C(O)[C@@H](C/C=C/c1ccccc1)N=C(O)c1ccc2ccccc2c1,0.2394
945,O=S(=O)(c1ccc2c(c1)CN[C@@H](CF)C2)N1CCSCC1,0.3925
946,O=P(O)(O)OC[C@@H](Cc1ccccc1)N=C(O)c1cc2ccccc2s1,0.3410
947,COc1ccc2c(c1)N(C(=O)OC(C)C)[C@@H](CSC)C(S)=N2,0.4383
948,O=S1(=O)N=C(O)C=C1c1cccc(O)c1,0.2867
949,O=C1N=C(O)/C(=C/c2ccc3c(c2)OC(F)(F)O3)S1,0.3314
950,CS(=O)(=O)n1ccc2c1NC(N1CCOCC1)=NC2c1cnc(=O)[nH]c1,0.5028
951,O=S(=O)(c1ccc(F)cc1)N1CCOCC1,0.2292
952,O=C(O)[C@H](CO)N=C(O)c1cccc(O)c1O,0.2406
953,O=S(=O)(c1ccc(CN=C(O)n2cc3ccncc3c2)cc1)C1CC1,0.3167
954,O=C(O)CN=C(O)c1nc(Cl)c2ccccc2c1O,0.3609
955,O=C(O)[C@@H](C/C=C/c1ccccc1)N=C(O)c1ccc2c(c1)OCCO2,0.3037
956,O=C(O)CN=C(O)[C@@H](CS)Cc1ccccc1,0.1816
957,O=C1N=C(O)/C(=C/c2ccc3c(c2)OCO3)S1,0.2999
958,O=S(=O)(c1ccc(F)cc1)N1CCOc2ccccc2C1,0.3638
959,O=C(Nc1ccc([N+](=O)[O-])cc1)C1CC1,0.1603
960,O=C(O)c1ccc(O[C@H]2CC[C@H](N=C(O)N[C@]34C[C@H]5C[C@H](C[C@H](C5)C3)C4)CC2)cc1,0.2742
961,O=C(O)[C@@H]1CC[C@H](c2ccccc2)N1C(=O)CN=C(O)[C@@H](S)Cc1ccccc1,0.4060
962,C[C@@H](C(=O)N1CCOCC1)N1CC[C@H](NS(=O)(=O)c2ccc3cc(Cl)ccc3c2)C1=O,0.3801
963,C[C@@H](C(=O)N1CCOCC1)N1CC[C@H](NS(=O)(=O)c2cc3ccc(Cl)cc3s2)C1=O,0.4443
964,C[C@@H](O)[C@H](NC(=O)c1ccc(C#CC#Cc2ccccc2)cc1)C(O)=NO,0.2745
965,O=C(O)[C@@H](C/C=C/c1ccccc1)N=C(O)c1ccc2ccccc2c1,0.2394
966,CS(=O)(=O)n1cc2c(n1)CN([C@H]1CO[C@H](c3cc(F)c(F)cc3F)[C@@H](N)C1)C2,0.5150
967,O=S(=O)(c1ccccc1)c1ccc(CN=C(O)C2=CC3C=NC=CC3=N2)cc1,0.3686
968,C[C@@H](C(=O)N1CCOCC1)N1CC[C@H](NS(=O)(=O)c2cc3cc(Cl)ccc3s2)C1=O,0.4421
969,O=C1C[C@@H](N2CCOCC2)Oc2c(-c3ccc4c(c3)OCCO4)csc21,0.4853
970,C[C@]12CCc3c(ccc4cc(O)ccc34)[C@@H]1CCC2=O,0.3137
971,C[C@@H](C(=O)N1CCOCC1)N1CC[C@H](NS(=O)(=O)c2cc3ccccc3s2)C1=O,0.4246
972,CS(=O)(=O)n1cc2c(n1)CN([C@H]1CO[C@H](c3cc(F)ccc3F)[C@@H](N)C1)C2,0.5086
973,C[C@@H](C(=O)N1CCOCC1)N1CC[C@H](NS(=O)(=O)c2cc3cc(Cl)ccc3[nH]2)C1=O,0.4447
974,O=S(=O)(c1ccccc1)c1ccc(CN=C(O)C2=CC3C=NN=C3N=C2)cc1,0.3421
975,O=S(=O)(c1ccc2c(c1)CN[C@@H](CF)C2)N1CCSCC1,0.3925
976,O=C(O)C1=NC(c2ccccc2)=NC1C(=O)O,0.3321
977,O=C(O)[C@]1(O)C=C([C@H](O)Cc2ccccc2)[C@@H](O)[C@H](O)C1,0.3259
978,O=C(O)[C@@H](C/C=C/c1ccccc1)N=C(O)c1ccc2c(c1)OCO2,0.2961
979,C[C@@H](C(=O)O)c1ccc(-c2ccccc2)c(F)c1,0.2489
980,CS(=O)(=O)n1cc2c(n1)CN([C@H]1CO[C@H](c3cc(F)c(F)cc3F)[C@@H](N)C1)C2,0.5150
981,COC(=O)c1c(O)cccc1OC/C=C/c1ccc(F)c(-c2cc(C(=O)O)no2)c1,0.4371
982,COc1cc2c(cc1OC)[C@@H]1C[C@H](N)[C@@H](c3cccc(CF)c3)CN1CC2,0.4376
983,O=C(O)C1=C(C(O)=Nc2ccc(-c3cccc(OC(F)(F)F)c3)cc2F)CCC1,0.3668
984,COC(=O)c1c(O)cccc1OC/C=C/c1cccc(-c2onc(C(=O)O)c2CO)c1,0.4526
985,C[C@]12CCc3c(ccc4cc(O)ccc34)[C@@H]1CCC2=O,0.3137
986,C[C@@H]1C(O)=NCCCN1C(=O)C[C@H](N)Cc1cc(F)c(F)cc1F,0.3228
987,O=C(O)[C@@H](C/C=C/c1ccccc1)N=C(O)c1ccc2ccccc2c1,0.2394
988,COc1ccc2c(c1)cc(C(O)=NS(=O)(=O)Cc1ccccc1)n2CC(=O)O,0.4797
989,COc1ccc2c(c1)cc(C(O)=NS(=O)(=O)c1ccc(C)cc1)n2CC(=O)O,0.4889
990,O=C(O)[C@@H](C/C=C/c1ccccc1)N=C(O)c1ccc2cc(C(F)(F)F)ccc2c1,0.2617
991,CS(=O)(=O)n1cc2c(n1)CN([C@H]1CO[C@H](c3cc(F)c(F)cc3F)OC1)C2,0.4491
992,C[C@@H](C(=O)O)c1ccc(-c2ccccc2)c(F)c1,0.2489
993,COC(=O)[C@@H](C#N)[C@H]1SCC(=O)N1c1ccc(OC)cc1F,0.4446
994,O=C(O)[C@H](CO)N=C(O)c1cccc(O)c1O,0.2406
995,COC(=O)[C@@H](C#N)[C@H]1SCC(=O)N1c1ccc(-c2ccccc2)cc1F,0.4497
996,Cc1c(O)nc(=O)n(C)c1/C=C(/CO)CF,0.3321
997,COC(=O)[C@@H](C#N)[C@H]1SCC(=O)N1c1ccc(Oc2ccccc2)cc1F,0.4514
998,CS(=O)(=O)Nc1ccc([N+](=O)[O-])cc1OC1CCCCC1,0.2983
999,Cc1c(O)nc(=O)n(C)c1C[C@H](CO)CF,0.3370
