SMILES,Tanimoto
Cn1c(NC(=O)Nc2ccccc2Cl)cc2c1C(=O)N1CCC(CC(C)(C)C)C21,0.5927
CC(C)(C)Oc1ccc(S(=O)(=O)Nc2cccnc2)cc1,0.3816
Cc1cc2c(o1)N(c1cccc(S(=O)(=O)c3ccc(CC(C)(C)C)cc3)c1)C2=O,0.5014
Cc1c[nH]c(=O)c(S(=O)(=O)Nc2cc(Cl)c(Cl)cc2C2CC2)c1,0.5066
COC(=O)C1Nc2c(cc(Cl)c(-c3nonc3C)c2C2COC2)C(=O)N1c1ccc(C(C)(C)C)cc1,0.6528
O=C(NCc1nc2ccccc2c(=O)n1Cc1ccc(OC(F)(F)F)cc1)c1ccc(Cl)cc1,0.4608
CC(C)(C)c1ccc2c(c1)S(=O)(=O)c1ccccc1CN2C(=O)c1ccc(Cl)cc1,0.5209
CC(C)CC1C(=O)Nc2cc(C(C)(C)C)ccc2N1Cc1nc2c(Cl)ccnc2n1C(=O)Cc1ccccc1,0.6004
C[C@@H](Nc1cn(-c2ccc(C(C)(C)C)cc2)nc1C(=O)O)c1ccc(Cl)cc1,0.4408
COc1cc(Cl)c(Cl)cc1Cn1c(C(=O)O)cc2cc(NC(=O)OC(C)(C)C)ccc21,0.6577
COc1ccc(NS(=O)(=O)c2ccc(C(=O)c3cccc(C(C)(C)C)c3)cc2)cc1,0.4676
CC#Cc1ccc(C(=O)OC(C)(C)C)cc1-c1ccc(C)cc1,0.2633
Cc1nc(C(C)C)cnc1-c1ccc2c(c1)[C@@H]1[C@H](NS(=O)(=O)c3ccc(Cl)cc3)CCN1C(=O)C2,0.5727
CC(C)(C)c1ccc(S(=O)(=O)Nc2ccc(Cl)c(-c3cccc(C(=O)N4CCOCC4)c3)c2O)cc1,0.5629
N#Cc1cc(-c2ccc(Cl)cn2)ccc1NS(=O)(=O)c1ccc(C2CCOC2)cc1,0.5592
COc1ccccc1S(=O)(=O)Nc1cc(Cl)c2c(c1Cl)C(=O)NC2=O,0.6403
CC(C)(Cc1ccccc1)C(=O)Nc1ccccc1NS(=O)(=O)c1ccc(Cl)c(Cl)c1,0.4279
CC(C)(C)n1cnn(-c2cccc(NS(=O)(=O)c3ccc(Cl)cc3)c2)c1=O,0.4314
CC(C)(C)Oc1ccc(S(=O)(=O)Nc2ccc(Cl)cc2OCC(=O)c2ccccc2)cc1,0.4324
CC(C)(C)c1ccc(S(=O)(=O)Nc2cccc(NC(=O)CCc3[nH]nc4cc(Cl)cnc34)c2Cl)cc1,0.5233
COC(=O)c1c(Cl)cccc1C(C#N)(Cc1cc(NS(=O)(=O)c2cc(C(N)=O)co2)[nH]n1)c1ccc(Cl)cc1,0.5988
CC(C)(C)c1ccc2c(c1)C(=O)N(c1c(Cl)ccc(OCC(=O)O)c1O)C2,0.5807
CC(C)(C)c1ccc(Cn2c3cc(S(C)(=O)=O)ccc(Cl)c-3c2O)cc1,0.4765
CC(C)(C)c1ccc(S(=O)(=O)Nc2ccccc2-n2ccc(C(C)(C)C)n2)cc1,0.4408
CCNS(=O)(=O)c1cc2c(s1)S(=O)(=O)Nc1c(ccc(OC)c1Cl)NC2=O,0.5742
CCN1CCCCC1(O)C#CC(C)(C)c1ccc2c(c1)/C(=C\c1ccccc1)c1cccc(Cl)c1-2,0.4742
CC(C)(C)c1ccc(CNC(=O)c2ccccc2CNS(=O)(=O)c2ccc(Cl)cc2)cc1,0.4333
CC(C)(C)c1ccc(S(=O)(=O)Nc2cc(C(C)(C)C)ccc2CNCC(=O)O)cc1,0.5590
CC(=O)Nc1ccc(C(C)(C)C)cc1S(=O)(=O)c1ccccc1C(=O)c1ccccc1,0.4313
CC(C)(C)c1ccc(S(=O)(=O)Nc2nc(Cn3c(=O)[nH]c4cc(Cl)c(C(=O)O)cc43)cs2)cc1,0.5429
O=C(O)c1cc(Cl)cc2cc3c(c(O)c12)CCN(S(=O)(=O)Nc1ccc(Cl)c(Cl)c1)C3=O,0.5518
CC(C)(C)c1cccc(S(=O)(=O)Nc2c(Cl)cc(C(F)(F)F)cc2Cl)c1O,0.4555
O=C(Nc1nc2c(s1)C(=O)N(c1ccc(C(F)(F)F)cc1)C21CC1)c1nn[nH]n1,0.5961
CC(C)(C)c1cccc(S(=O)(=O)Nc2cc3c(cc2Cl)S(=O)(=O)N(Cc2cccnc2)CC3)c1,0.5390
CCCS(=O)(=O)NC(=NC(=O)c1ccc(C(C)(C)C)cc1)c1ccc(OC(C)=O)cc1,0.3579
CC(C)C(NS(=O)(=O)c1ccc(Cl)c(Cl)c1)C(=O)Nc1ccc(C(C)(C)C)cc1,0.3863
COc1cc(Cl)cc(S(=O)(=O)NN=C2CC(C)(C)OS2(=O)=O)c1,0.3889
CC(C)(C)c1ccc(S(=O)(=O)NC(=O)Nc2ccc(C(=O)O)cc2Cl)cc1,0.4003
O=C(Nc1ccc(Cl)c(C(=O)NCc2cccnc2)c1O)c1ccccc1Cl,0.4887
CS(=O)(=O)c1ccc(C(=O)NNc2cc(Cl)c(C(=O)O)cc2Cl)cc1,0.3858
COc1c(Cl)c2c(c3c1C(=O)N3c1ccc(C(=O)O)cc1)C(=O)N(C(C)(C)C)C2,0.6386
C[C@H](NC(=O)c1ccc(C#N)o1)c1ccc(S(=O)(=O)Nc2cc(NC(=O)C3CCCO3)ccc2Cl)cc1,0.5123
COC(=O)c1cc(C(C)(C)C)ccc1NS(=O)(=NS(=O)(=O)c1ccc(N(C)C)cc1)c1ccccc1,0.5153
Cc1ccc(CNc2ccc(Cl)c3c2S(=O)(=O)N(c2ccc(C(F)(F)F)c(Cl)c2)C3=O)cc1,0.6251
CC(C)(C)Oc1cc(Cl)c2c(c1)[nH]c(=O)n2Cc1ccc(Cl)c(C(=O)O)c1,0.4715
CN(C)c1cc(C(=O)O)nc2c1[nH]c(=O)n2Cc1ccc(C(C)(C)C)cc1,0.5250
Cc1cnc(NS(=O)(=O)c2ccc(S(C)(=O)=O)cc2)n1-c1cccc(C(C)C)c1,0.4371
CC(C)Oc1ccc(Cl)c(S(=O)(=O)Nc2cc3c(=O)c(=O)c3cc2NC(C)C(=O)O)c1,0.4437
COC(=O)c1ccc(NC(=O)C2[C@H](NS(=O)(=O)c3ccc(Cl)cc3)CCC2(C)C)cc1,0.4091
CC(CS(=O)(=O)Nc1ccc(CN2CCn3nc(C(C)(C)C)nc3C2=O)cc1CC#N)c1ccccc1,0.5286
CNS(=O)(=O)c1cc(Cl)c2c(c1)CCN(c1nc(C(C)(C)C)ccc1Cl)C2=O,0.6657
CN1c2cc(Cl)c(CNCc3c(Cl)cc(Cl)cc3OCC3CC3)cc2S1(=O)=O,0.5024
COc1c(-c2cccc(S(C)(=O)=O)c2Cl)ccc(Cl)c1S(=O)(=O)c1ccc(Cl)cc1,0.4362
CC(C)(C)COc1ccc(N2C(=O)NC(=O)C2c2ccc(C#N)cc2Cl)cc1Cl,0.5257
Cc1[nH]c2ccc(Cl)cc2c1S(=O)(=O)Nc1ccc(-c2ccccn2)cc1,0.5018
CC(C)(C)c1ccc(C(=O)Nc2ccc3c(c2)S(=O)(=O)NC(=O)N3Cc2ccncc2)cc1,0.5083
Cn1c(C(=O)O)cnc1-c1ccccc1N(Cc1ccc(C(C)(C)C)cc1)S(C)(=O)=O,0.5081
CCN(CC)C(=O)c1ccc(-c2cc(S(=O)(=O)Nc3ccccc3OC)ccc2[N+](=O)[O-])c(O)c1Cl,0.5486
NS(=O)(=O)c1ccc(-c2cn(-c3ccc(Cl)cc3)c(-c3ccccc3)n2)cc1,0.4315
COc1nccnc1-c1c(Cl)cc2c([nH]c(=O)c3cccc(Cl)c32)c1NS(=O)(=O)c1ccc(Cl)cc1,0.5848
COc1cc(NS(=O)(=O)c2ccc(C(=O)O)cc2)c(O)c2c(=O)c(Cl)c(C)oc12,0.5434
Cc1cnc(-c2c(Cl)cc(C(C)(C)C)cc2Cl)n1-c1ccccc1,0.4081
CC(C)(C)c1ccc(Cl)c(CN2C(=O)c3c(NCCN4C(=O)n5cccc5S4(=O)=O)cccc3S2(=O)=O)c1,0.6388
O=S(=O)(c1ccccc1)c1ccccc1Nc1ccc(Cl)cc1,0.2549
CC(C)(C)C(=O)c1cccc(NS(=O)(=O)c2cc(C(F)(F)F)ccc2Cl)c1,0.4848
CN1C(N)=NC(c2ccc(C(C)(C)C)cc2)C(=O)Nc2nn(S(C)(=O)=O)cc21,0.5048
NC(=O)c1cc(Cl)cc(NS(=O)(=O)Nc2ccccc2)c1,0.3475
CCS(=O)(=O)Nc1cc(C(C)(C)C)cc(S(=O)(=O)Nc2ccc3c(c2)C(C)(C)c2cccnc2-3)c1,0.5521
CC(C)Oc1ccc(S(=O)(=O)NC2Cc3ccc(Cl)cc3N(CCC3OCCc4c(Cl)cccc43)C2=O)cc1,0.5799
COc1ccc(C(=O)Nc2c(-c3ccccc3)ccc3nonc23)c(CC#N)c1,0.4893
CC(C)(C)c1ccc(S(=O)(=O)NC(=O)Nc2cc(C(C)(C)C)c(Cl)cc2Cl)cc1,0.4098
CN(C)c1cc(NS(=O)(=O)c2ccc(C(C)(C)C)cc2)c2c(c1Cl)S(=O)(=O)NC2=O,0.6029
COC(=O)C1OCCc2c1ccc(NS(=O)(=O)c1ccc(OC(C)(C)C)cc1)c2Cl,0.5225
CC(C)(C)c1cc(NC(=O)c2ccccc2-c2cn3c(n2)NC(=O)C3)ccc1S(N)(=O)=O,0.5497
CC(C)(C)Oc1ccc(Cl)c(NS(=O)(=O)c2ccc(Cl)cc2C(=O)Nc2cccc(C(=O)O)c2)c1,0.5667
COc1ccc(S(=O)(=O)Nc2cccnc2-c2ccc(Cl)cc2Cl)cc1,0.6192
CC(C)(C)Cc1cccc(NS(=O)(=O)c2ccc(C#N)c3cc(Cl)cnc23)c1,0.4882
CCC(C)(C)c1ccc(N2C(=O)C(=O)C2Nc2cc(C(=O)OCCO)ccc2Cl)cc1,0.4622
Cc1cnc2c(c1)nc(C)n2C(=O)c1c(NS(=O)(=O)c2ccc(Cl)cc2)ccc(Cl)c1Cl,0.6041
CC(C)(C)c1cc2c(s1)C(NS(=O)(=O)c1ccc(C#N)cc1)C(=O)NC2=O,0.5431
COc1ccc(CN2C(=O)c3cc(NS(=O)(=O)c4ccccc4Cl)c(OC)cc3C2=O)cc1,0.6088
CC(=O)Nc1ccc(C(C)(C)C)cc1C(=O)Nc1ccc(S(C)(=O)=O)cc1,0.4471
O=S(=O)(NC1(Cn2cccn2)CCCC1)c1ccc(Cl)cc1,0.3323
CC(C)(C)c1ccc(S(=O)(=O)c2cccnc2Nc2ccc(Cl)c(Cl)c2)cc1,0.4117
CC(C)(C)CCNC(=O)C(Cc1ccc(S(N)(=O)=O)cc1)Nc1ccc2c(c1)C(=O)N(c1ccc(Cl)cc1)C2=O,0.6025
CC(C)(C)Oc1c(Cl)ccc(NS(=O)(=O)Nc2cccn(C(C)(C)C)c2=O)c1O,0.4438
COc1ccc(-c2c(Cl)ccc3c(=O)c4ccc(C(F)(F)F)cc4[nH]c23)cc1C#N,0.4132
COC(=O)c1cc(NS(=O)(=O)c2ccc(Cl)cc2Cl)ccc1Cl,0.4574
CC(C)Cc1ccc(S(=O)(=O)Nc2cccc(Cl)c2-c2cnc3ccccc3c2)cc1,0.6259
CC(C)(C)c1cccc(NS(=O)(=O)c2ccc(-c3cccc(OC(F)(F)F)c3)cc2)c1,0.4706
CC(C)(C)c1cccc(NS(=O)(=O)CCN2C(=O)c3ccccc3C2=O)c1,0.4856
COc1cc(Cl)cc2c1NC(=O)c1cccc(c1)S(=O)(=O)n1ccc(C#N)c1-2,0.5925
COc1ccc(S(=O)(=O)Nc2ccccc2Nc2ccnc(OC)n2)cc1,0.4171
CC(C)Oc1cccc(S(=O)(=O)Nc2ccc(CNC(=O)c3ccco3)cc2)c1,0.4318
CC(C)c1cccc(N2C(=O)c3cc(NS(=O)(=O)c4ccc(S(C)(=O)=O)cc4)ccc32)n1,0.6144
CC(C)C1Oc2ccc(Cl)cc2C(=NO)N(c2cc(C(C)(C)C)cc(S(C)(=O)=O)c2)C1=O,0.5884
CC(C)(C)c1ccc(NC(=O)Nc2ccc3c(c2)CC(=O)N3)cc1,0.2707
CC(C)(C)c1ccc(N2Cc3c(ccc(Cl)c3S(=O)(=O)Nc3ccc(-c4nn[nH]n4)c(CCON)c3)C2=O)cc1,0.6556
N#Cc1ccc(-c2ccc3c(c2)CN(CCc2ccc(Cl)cc2)C3=O)cc1,0.4192
COc1ccc(N(C(=O)Nc2ccc(Cl)c(Cl)c2)C2C(=O)Nc3cc(OC(F)(F)F)ccc32)cc1,0.5448
COc1ccccc1-n1nc(Cl)c2c(=O)n(-c3cccc(C(C)(C)C)c3)c(=O)[nH]c21,0.5487
CC(C)(C)c1ccc(NS(=O)(=O)c2ccc3c(c2)C(=O)c2cc(-c4cccnc4)ccc2-3)cc1,0.4735
COCCN1C(=O)c2ccc(-c3ccc(C(=O)NC(C)(C)C)cc3)cc2C(=O)C1C=O,0.4724
O=S(=O)(NCCO)c1ccc(-c2cccc3c2CN3S(=O)(=O)c2ccc(Cl)cc2Cl)cc1,0.5280
CCC(C(=O)O)c1ccc(S(=O)(=O)c2ccccc2NS(=O)(=O)c2cc(C#N)ccc2Cl)c(C(C)(C)C)c1,0.5181
CCC(C)(C)c1ccc(S(=O)(=O)C2(c3ccc(Cl)cc3)NC(=O)C2=O)cc1,0.5403
CCN(C)S(=O)(=O)Nc1cccc(NC(C)=O)c1C(=O)Nc1ccc(C(C)(C)C)cc1,0.4912
CC(C)(O)CNS(=O)(=O)c1cc(Cl)ccc1S(=O)(=O)c1cccc(C(C)(C)C)c1,0.3958
CS(=O)(=O)c1ccc2c(c1)CN(C(=O)c1ccccc1NS(=O)(=O)c1ccc(C#N)cc1)C2,0.6754
CC(C)(C)c1ccc(CNS(=O)(=O)c2c(C(CC(=O)O)c3ccccc3)ccc(Cl)c2Cl)cc1,0.4593
CC(=O)Nc1c(NS(=O)(=O)c2ccc(Cl)cc2Cl)cc2c(=O)[nH]ccc2c1C(=O)Nc1cccc(C(C)(C)C)c1,0.6241
CC(C)(C)c1ccc(S(=O)(=O)Nc2ccccc2-c2ccc(S(=O)(=O)CO)cc2)cc1,0.6026
CN(C1CCc2cc(Cl)c(Cl)c(-c3ncco3)c2C1=O)S(=O)(=O)c1ccccc1Cl,0.5954
CC(C)C(C)c1ccc(NS(=O)(=O)Cc2ccc(Cl)cc2Cl)c(C#N)c1NS(=O)(=O)N(C)C,0.4555
CCS(=O)(=O)n1nc(C(C)(C)C)c2c1C(=O)N(c1c(OC)ccc(Cl)c1Cl)C(CC(=O)O)C2,0.6468
COC(C)(C)c1ccc(NS(=O)(=O)c2cc(Cl)ccc2N2CCOCC2)c(Cl)c1,0.4814
CC(C)(C)c1ccc(NC(=O)c2ccc3c(c2O)-c2cccc(Cl)c2S3(=O)=O)cc1,0.5174
COCC(=O)Nc1ccc(NS(=O)(=O)c2ccc(-c3ccc(C#N)cc3)cc2)cc1,0.4258
CN(c1cccc(Cl)c1)S(=O)(=O)c1ccccc1C(C)(C)C(F)(F)F,0.4531
COC(=O)c1ccc(S(=O)(=O)c2ccc(S(=O)(=O)c3ccc(Cl)cc3)c3[nH]cnc23)c(Cl)c1,0.4119
Clc1cccc(Cl)c1,0.0587
CC(C)(C)c1ccc(CN2C(=O)Nc3c([nH]c4cc(C(=O)O)ccc34)C(=O)NS(=O)(=O)c3cc(Cl)ccc32)c(Cl)c1,0.6463
CCOc1cccc(Cl)c1S(=O)(=O)Nc1ccc(Cl)cc1-c1cc(O)ccc1Cl,0.5437
CC(C)(C)c1ccc(S(=O)(=O)c2cccc(-c3c(O)ccc(Cl)c3Cl)c2)cc1,0.3759
CC(C)(C)Cc1ccc(S(=O)(=O)Nc2ccc3c(c2)C(=O)c2nccn2-3)cc1,0.5229
CC(C)(C)c1ccc(NC(=O)C2CC(=O)O[C@H]2c2ccc(Cl)cc2)cc1,0.3971
COc1ccc2c(c1)C(=O)N(c1ccc(C#N)c(OC)c1Cl)C(Nc1ccccc1S(C)(=O)=O)C2=O,0.6316
CS(=O)(=O)Nc1c(S(C)(=O)=O)ccc2cc(Cl)cc(C(=O)CCl)c12,0.4606
CN(C)Cc1ccccc1NS(=O)(=O)Nc1ccc(C(C)(C)C)cc1Cl,0.3941
CC(C)NS(=O)(=O)C1c2cc(C(=O)Nc3ccc(Cl)s3)ccc2C(=O)N1C1CCCCC1,0.5596
Cc1cnn(CC(C)C)c1NC(=NO)c1cc2c(cc1Cl)C(=O)N(c1cccc(Br)c1)C2,0.5915
COc1cc(C(=O)Nc2ccc(C(C)(C)C)cc2NS(=O)(=O)Nc2ccc(Cl)cc2OC)ccc1Cl,0.4778
CC(C)CNC(=O)c1ccc2c(c1)N(c1ccc(OC(C)C)cc1)S(=O)(=O)N(Cc1ccc(C(C)(C)C)cc1)S2(=O)=O,0.5709
CC(C)(C(=O)n1c2cc(NS(=O)(=O)c3ccccc3)cc(Cl)c2c(=O)n1-c1ccc(Cl)cc1)c1ncco1,0.6196
Cc1cc(CN2C(=O)c3cc(Cl)c(NS(=O)(=O)c4ccc(C(C)(C)C)cc4)cc3C2=O)c(O)c(C)n1,0.6940
COC(=O)Nc1ccc2c(c1Cl)C(C)(c1ccccn1)CCN(c1ccc(C#N)c(N(C)C)c1)C2=O,0.6384
Clc1ccc(Cl)cc1,0.0522
CC(C)(C#N)c1ccc(NC(=O)c2ccc3c(c2)-c2ccccc2S3(=O)=O)cc1,0.4278
COC(=O)c1ccc(CN(C)S(=O)(=O)c2ccc3c(c2)OC(C(=O)O)(c2ccccc2)O3)cc1,0.4752
CC(C)c1ccc(S(=O)(=O)c2ccc3c(c2)CC[C@H]3C(C)(C)C(=O)O)cc1C(C)C,0.3617
CC(C)(C)c1cncc(-c2cc3c(=O)c(=O)c3cc2NS(=O)(=O)c2ccc(Cl)cc2Cl)n1,0.6167
CC(C)(C)c1cc(-n2nc(-c3ccncc3)c3ccccc3c2=O)ccc1Cl,0.4698
CC(C)(C)c1ccc2c(c1)NC(=O)c1cc(Cl)c(Cl)c(OCc3ccnc(Cl)c3)c1NS2(=O)=O,0.6538
O=C(O)c1ccc(NC(=O)C2c3ccccc3CN2C(=O)Nc2ccc(Cl)cc2)cc1,0.4511
CC(C)(C)c1cc(Cl)ccc1C(=O)NS(=O)(=O)c1ccc(Cl)cc1Cl,0.4047
COc1cc(-n2c(C(C)(C)C)cccc2=O)ccc1S(=O)(=O)NC(=O)Nc1ccccc1,0.4684
CCOC(=O)Nc1ccc(S(=O)(=O)NC(=O)Cc2ccc(OC)c(OC)c2)cc1,0.3633
CC(C)(NC(=O)Nc1ccc2ccccc2c1)C(=O)Nc1cccc(C(C)(C)C)c1,0.2929
CCCN(CCC)S(=O)(=O)c1ccccc1S(=O)(=O)Nc1ccc(OC(C)(C)C)cc1Cl,0.4186
CC1CC(C(=O)Nc2cccc(C#N)c2Cl)N(c2ccc(C(C)(C)C)cc2)C1=O,0.4441
CC(C)(C)OC(=O)C(Nc1ccc(N2C(=O)c3ccccc3C2=O)cc1CCO)c1ccccc1,0.5232
CC(C)(C)c1ccc(S(=O)(=O)c2ccccc2NC(=O)CCNS(=O)(=O)c2ccc(Cl)cc2)cc1,0.3939
COC(=O)c1cc(NS(=O)(=O)c2ccc(C(C)(C)C)c(Cl)c2)c(Cl)cn1,0.4965
O=C(O)c1ccc(C(=O)Nc2ccc3c(c2)C(=O)Nc2ccc(Cl)c(Cl)c2S(=O)(=O)N3c2ccccc2)cc1,0.6153
COCCOCC(=O)N[C@@H]1COC(C)(C)C[C@H]1NS(=O)(=O)c1cccc(C(C)(C)C)c1,0.4156
CN(C(=O)c1ccc(C(=O)O)cc1)c1ccc(S(=O)(=O)C(C)(C)C)cc1Cl,0.4348
COc1cc2c(cc1C(=O)c1ccc(N(C)C)cc1)CC21NC(=O)c2cc(Cl)ccc21,0.5653
CC1Cc2cccc(S(=O)(=O)N3CCC(C(C)(C)C)CC3)c2-c2nc3cc(Cl)ccc3n21,0.5541
CN(C)S(=O)(=O)c1ccc(S(=O)(=O)Nc2ccccc2C(=O)OC(C)(C)C)cc1,0.4622
N#Cc1cc2c(C#N)cccc2cc1CN1C(=O)c2cccc(Cl)c2C1=O,0.5338
COc1c(N(C)C)cc2c(c1C)C(=O)C(=O)N(Cc1ccc(C(=O)O)cc1)C2=O,0.5342
CC(C)Oc1ccc(S(=O)(=O)Nc2cc3c(cc2Cl)CCC(C(C)(C)O)C3)cc1,0.4859
CC(c1ccc(Cl)c(-c2nnnn2C)c1)n1c(-c2ccc(Cl)cc2)nc2ccc(Cl)c(O)c2c1=O,0.5616
CCS(=O)(=O)c1cc(Cl)ccc1NS(=O)(=O)Nc1ccc(C#N)cc1,0.3583
Cn1ncc(NC(=O)c2ccc(C(C)(C)C)cc2)c1NC(=O)c1ccc(C(F)(F)F)cc1,0.4297
CC(c1ccccc1Cl)c1ccccc1S(=O)(=O)NC(Nc1ccc(C(=O)N(C)C)c(Cl)c1)NS(C)(=O)=O,0.5051
Cn1cc(C(=O)C2c3ccc(Cl)cc3C(=O)N2Cc2ccc(OC(F)(F)F)cc2)cn1,0.5083
CC(C)(C)c1ccc(S(=O)(=O)Nc2c(-c3nn[nH]n3)ccc3cccnc23)cc1,0.5546
CC(C)(C)NS(=O)(=O)c1ccccc1-c1nccnc1-c1ccc(C#N)c(Cl)c1,0.4718
COc1cccc2c1N(S(=O)(=O)c1cccc(C(C)(C)C)c1S(=O)(=O)c1ccc(Cl)cc1)C2,0.6025
CC(C)(C)c1ccc(NS(=O)(=O)c2ccc(C(=O)c3nc[nH]n3)cc2Cl)c(Cl)c1,0.4678
Cn1ncc2c(CS(=O)(=O)Nc3cc(-c4ccc(C(C)(C)C)cc4)ncn3)cccc21,0.4599
CC(C)(C)OC(Nc1cccc(C(=O)O)c1)C(=O)Nc1ccc(C(C)(C)C)cc1,0.3194
Cn1cnc2c1C(=O)N(c1cc(NS(=O)(=O)c3ccccc3F)cc(C(C)(C)C)c1)C2=O,0.5820
CC(C)(C)NS(=O)(=O)c1ccc(Cl)n1Cc1ccc2c(c1)C(=O)N(CCO)C2,0.4764
COc1cc(Cl)cc(N2C(=O)c3cc(C(C)(C)C)cc(NC(=O)Nc4ccncc4)c3C2=O)c1,0.6689
CC(C)(C)c1ccc(-c2c(Cl)cc(NS(=O)(=O)c3ccc(Cl)s3)c3c2C(=O)NC3(C)C)cc1,0.6598
COc1cc(Cl)c(Cl)c(NC=O)c1NS(=O)(=O)c1ccc(C(C)(C)C)cc1,0.5046
CC(C)(C)OC(=O)Nc1cc(Cl)c2c(c1)C(=O)NC(Cc1ccccc1)C2=O,0.5579
N#Cc1ccc(Cn2c(=O)[nH]c(=O)c3c(-c4ccccn4)c(Cl)cc(Cl)c32)cc1,0.5225
CC(C)(C)c1ccc(S(=O)(=O)Nc2cc(C(=O)O)c3c(c2)oc2cccnc23)cc1,0.5367
Cc1cnn(-c2ccc(Cl)cc2)c1NC(=O)Nc1ccc(C(C)(C)C)cc1Cl,0.4229
CC1(C)Oc2c(ccc(S(=O)(=O)NNC(=O)c3cccc(C(F)(F)F)c3)c2Cl)C1=O,0.5110
CC1(C)C(=O)c2c(NS(=O)(=O)c3ccc(Cl)c(Cl)c3O)cccc21,0.5618
CC(C)(Nc1c(Cl)cccc1S(=O)(=O)Nc1ccc(C#N)cc1)c1ccc(Cl)cc1,0.4761
O=S(=O)(Nc1ccccc1)c1ccc(Cl)cc1,0.4144
COCCc1cc(Cl)c2c(c1)C13CN(C1=O)C(OC)=C(Cl)C(Cl)=CC=C2NS(=O)(=O)N3,0.6160
COc1cccc(S(=O)(=O)N[C@@H]2C3C(=O)N(Cc4ncccc4C)C(=O)[C@H]3CC2(C)C)c1,0.4951
CC(C)(C)Oc1ccc(-c2ccccc2S(=O)(=O)c2c(Cl)cccc2Cl)cc1,0.3176
CC(C)Cc1ccc(-n2cc(C(=O)NCc3ccc(Cl)cc3)c(O)c(C3CC3)c2=O)cc1,0.5000
COc1ccc(NC(=O)c2ccc(Cl)cc2S(=O)(=O)Nc2ccc(C(C)(C)C)cc2)cc1,0.5132
COS(=O)(=O)c1cc(C(C)(C)C)ccc1Nc1cccc(C(=O)O)c1,0.3686
CN(c1ccc(C(F)(F)F)c(S(=O)(=O)Nc2cccc(Cl)c2)c1)S(C)(=O)=O,0.4439
O=S(=O)(Nc1cc2cccc(OCCO)c2cc1Cl)c1ccc(Cl)cc1,0.3981
COc1cn2c(C)cnc2c(Cl)c1NS(=O)(=O)c1ccc(NC(=O)C(C)(C)C)cc1,0.5148
C=CC=Cc1cccc(CNS(=O)(=O)c2ccc(C(C)(C)C)c(Cl)c2)c1O,0.3792
O=C(Nc1cc(Cl)c(C(=O)O)cc1Cl)c1ccc(-c2cccc3oc(O)cc23)cc1,0.4565
CC(C)(C)c1cccc(S(=O)(=O)Nc2ccccc2NS(=O)(=O)c2ccc(Cl)s2)c1,0.4253
CC(C)(C)c1cccc(N2C(=O)c3ccc(NS(=O)(=O)c4cc[nH]n4)c(Cl)c3C2=O)c1,0.7323
CC(C)(C)c1ncnn1S(=O)(=O)c1ccc(S(=O)(=O)Nc2ccc(C(N)=O)cc2Cl)cc1,0.5130
Cc1cccnc1CN1C(=O)c2ccc(-n3cc(C(C)(C)C)nn3)cc2C1C(=O)O,0.5240
CC(C)(C)Oc1ccc(N2C(=O)c3cc(C#N)ccc3NS2(=O)=O)cc1,0.5242
COc1nscc1NS(=O)(=O)c1c(Cl)cc(-c2ccc(Cl)cc2)cc1Cl,0.4171
O=C1Nc2cc(NS(=O)(=O)c3ccccc3NS(=O)(=O)c3ccc(Cl)cc3)ccc21,0.4797
CN(c1ccc(C(C)(C)C)cc1)S(=O)(=O)c1cccc(Cl)c1-c1cncnc1,0.4993
CC(C)(C)c1ccc(CCNC(=O)c2ccc(Cl)c(Cl)c2-c2ccc(S(N)(=O)=O)cc2)cc1,0.4396
COc1cc(Cl)c(C(C)(C)C)c(O)c1C(=O)NNc1cc(Cl)ccc1S(C)(=O)=O,0.4716
O=C1c2ccc(Cl)cc2CCC(NS(=O)(=O)c2ccccc2)N1c1cccc(C(F)(F)F)c1,0.5718
CN1C(=O)C[C@H](c2cccc(NS(=O)(=O)Nc3ccc(Cl)c(Cl)c3)c2)[C@@H]1C(C)(C)C,0.4355
CCS(=O)(=O)c1cc(-c2ccc(C(F)(F)F)cc2)c(-c2nn[nH]n2)cc1Cl,0.3847
N#Cc1ccc(NC(=O)N2CCCc3c(-c4ccc(F)cc4)cccc32)cc1,0.4173
CC(C)(C)OCCn1c(=O)c2cc(C(=O)O)sc2n(-c2ccc(C(C)(C)C)cc2)c1=O,0.5809
CN(C)C(=O)c1ccc2c(=O)n(CC(N)C3Cc4c(ccc(Cl)c4Cl)C3=O)c3cc4c(cc3c2c1)OC(C)(C)O4,0.5597
COCCS(=O)(=O)Nc1c(Cl)cc(Cl)cc1-c1ncc(Cl)s1,0.4368
CC(C)N1C(C(=O)O)c2c(O)cc(c(-c3ccc(C(C)(C)C)cc3)c2Cl)S1(=O)=O,0.6064
COc1ccc(C(=O)Nc2ccc(COc3ccc(C(=O)O)cn3)cc2)cc1,0.3635
CC(C)(C)c1ccc(S(=O)(=O)Nc2ccccc2NC(=O)Cc2cc(Cl)ccc2Cl)cc1,0.4633
CN1c2ccc(NC(=O)c3cc(F)cc(F)c3)cc2C(C)(c2ccc(C#N)cc2Cl)S1(=O)=O,0.5894
COc1cc(C(C)(C)C)ccc1NC(=O)C1CCc2cc(NS(C)(=O)=O)cc(Cl)c2C1=O,0.5271
CCN1C(=O)c2c(Cl)ccc(NS(=O)(=O)c3ccc(C(C)C)cc3)c2C1=O,0.9310
CCOC(=O)Nc1cccc(S(=O)(=O)c2ccc(-c3cc(C#N)ccc3Cl)cc2)c1,0.3495
CC(C)(C)c1ccc(S(=O)(=O)N2C(=O)c3cccc(S(=O)(=O)Nc4ccccc4)c32)cc1,0.5816
CN(c1ccc(S(=O)(=O)Nc2ccc(C(=O)O)cc2)cc1)S(=O)(=O)c1ccc(Cl)cc1Cl,0.4114
CC(C)(C)c1ccc(S(=O)(=O)Nc2ccc(Cl)c3c(=O)cc(NCCC#N)oc23)cc1,0.5009
Cc1c(Cc2ccc(Cl)c(Cl)c2)cnn1C,0.2453
CC(C)(C)c1ccc(NS(=O)(=O)c2cc(C(F)(F)F)ccc2Cl)cc1,0.4590
COC(=O)c1ccc2c(c1)C(=O)N(c1ccc(C(C)(C)C)cc1Cl)C2=O,0.5473
CC(C)(C)c1ccc(C(CC#N)(c2ccc(Cl)c(C#N)c2N)N2CCCC2)cc1,0.4532
CC(C)NS(=O)(=O)Nc1ccc(OCc2cccc(Br)c2)cc1,0.2590
COc1ccc(Cn2nc(C)cc2NS(=O)(=O)c2ccc(Cl)cc2Cl)c2ncccc12,0.5516
CC(C)(C)C(=O)Oc1cc(C(C)(C)C)ccc1NS(=O)(=O)c1cc2c(cc1S(C)(=O)=O)C(=O)N2,0.5665
Cc1cn2c(C(=O)O)c(Cl)cc(S(=O)(=O)c3ccc(C(C)(C)C)cc3)c2n1,0.5094
CC(C)(C)c1ccc2c(c1)CN2c1cnc(-c2c(Cl)cccc2Cl)c(C#N)n1,0.5187
COc1cc(-n2ccc(C(C)(C)C)cc2=O)ccc1NS(=O)(=O)c1ccc2c(c1)COC2=O,0.5224
CC(C)(C)c1ccc(CCNS(=O)(=O)Nc2cccc(Cl)c2-c2ccc(O)c(O)c2)cc1,0.4553
O=c1[nH]nc(-c2ccc(OC(F)(F)F)cc2)c(NS(=O)(=O)c2ccccc2)c1Cc1ccccc1,0.5289
COC(=O)c1ccc(CNC(=O)c2cc(-c3ccccc3OC)c(Cl)cc2Cl)cc1,0.3958
CC(C)(C)c1csc(NC(=O)Nc2ccccc2-c2ccc(Cl)cc2)n1,0.3536
CN(C)c1cc(Cl)cc(S(=O)(=O)Nc2cccnc2-c2ccc(C(C)(C)C)cc2)c1O,0.5912
CN(C)c1ccc(S(=O)(=O)c2cccc(C(C)(C)S(=O)(=O)c3ccccc3Cl)c2)cc1,0.4141
CC(C)(C)c1ccccc1C(=O)Nc1ccccc1S(=O)(=O)Nc1ccccc1Cl,0.5182
COc1cc(Nc2ncc(Cl)cn2)cc(S(=O)(=O)Nc2cc(Cl)ccc2Cl)c1,0.4239
CC(C)S(=O)(=O)Nc1ccc2c(NS(=O)(=O)c3ccc(C(C)(C)C)cc3)[nH]nc2c1,0.4492
CC(C)(C)c1ccc(CNC(=O)Nc2ccc(Cl)c(C(=O)NS(C)(=O)=O)c2)cc1,0.4138
COc1cc(NS(=O)(=O)c2ccc(CNC(=O)OC(C)(C)C)cc2)cc2c1C(=O)OC2,0.5159
Clc1ccc(-c2cnn(Cc3ccc(C4=NCCN4)cc3)c2)cc1,0.3120
CCOc1cnc2c(c1)cc(NC(C)=O)n2Cc1ccc(Cl)c(Cl)c1,0.4704
CC(C)(C)c1ccc(NC(=O)NC2C(=O)Nc3ccc(Cl)cc32)cc1,0.4194
CC(C)(C)c1ccc(N2Cc3ccc(S(=O)(=O)NCc4nc(=O)[nH][nH]4)cc32)cc1,0.4360
COc1ccc2ncnc(NCc3ccc(C(=O)OC(C)(C)C)cc3)c2c1,0.3658
CN(C)c1ccc(S(=O)(=O)Nc2ccc3c(c2)C(=O)C3(O)c2ccc(C(C)(C)C)cc2)cc1,0.5236
CN(c1cc(-n2c(=O)ccn3nccc3c2=O)ccc1Cl)S(=O)(=O)c1ccc(C(C)(C)C)cc1,0.5495
COc1ccc(NC(=O)c2cc(NS(=O)(=O)c3ccc(OC)cc3)ccc2Cl)cc1,0.5650
N#Cc1ccc(S(=O)(=O)NC2CCC(CO)(c3ccccc3)CC2)cc1Cl,0.3773
CC(C)(C)CCCCN(c1ccc(S(N)(=O)=O)cc1)c1ccc2c(c1)NC(=O)C2=O,0.3982
CC(C)(C)c1cccc(N2C(=O)c3ccc(S(=O)(=O)c4ccccc4Cl)cc3C2=O)c1,0.5715
CC(C)CNC(=O)NC(=O)c1ccc(C(C)(C)C)cc1NS(=O)(=O)c1ccccc1,0.6519
COc1cc(C(C)(C)C)ccc1Cn1ccc(=O)c2c(=O)[nH]ccc21,0.4747
CC(C)(C)c1ccc(C(=O)Nc2cccc(Cl)c2CNN2CCC[C@H]2Oc2ccc(Cl)cc2Cl)cc1,0.4988
CC(C)(C)c1ccc(CN2c3c(Cl)ccc(S(=O)(=O)Nc4ccc(Cl)cc4)c3C(=O)C2(C)C)cc1,0.6315
COC(=O)NC1C(=O)N(c2ccc(S(C)(=O)=O)cc2OC)Cc2cc(C(C)(C)C)ccc21,0.5641
Cc1ncc(C(=O)Nc2ccc(OC(C)(C)C)c3c2CN(C(C)(C)C)C3=O)n1-c1ccccc1,0.5846
COC(=O)c1c(Cl)ccc(-c2ccccc2)c1NS(=O)(=O)c1ccc(C(C)(C)C)cc1,0.5749
CC(C)(C)c1ccc(Cl)c(S(=O)(=O)c2ccccc2-c2cc(Cl)nc3ccc(Cl)cc23)c1,0.4619
CC(C)(C)c1ccc(S(=O)(=O)c2cccc(Cl)c2)cc1,0.2805
CCCS(=O)(=O)Nc1c(Cl)cc2c(c1Cl)-c1c(Cl)ccc(OC(C)(C)C)c1S2(=O)=O,0.5373
Cn1nc(C(C)(C)C)cc1NS(=O)(=O)c1ccc(Cl)c(C(F)(F)F)c1O,0.5100
CC(C)(C)c1ccc(-c2cc(C#N)ccc2C2CC(=O)NC2=O)cc1,0.3467
CC(C)(C)Oc1cccc(C(=O)N(C(=O)c2ccc(C(C)(C)C)cc2)c2ccccc2)c1,0.4254
CC(C)Cc1cccc(NC(=O)c2ccc(Cn3c(=O)[nH]c4ccccc43)cc2)c1,0.4440
COC(=O)c1ccc(S(=O)(=O)Nc2cc(C(C)(C)C)c(Cl)cc2Cl)n2ccnc12,0.5418
NC1=NC(C(=O)O)CN1Cc1ccc(S(=O)(=O)c2ccc(C(F)(F)F)cc2)c(Cl)c1,0.4022
Cc1ccccc1C(=O)Nc1ccc(N2C(=O)c3cc(Cl)cc(Cl)c3C2=O)cc1,0.5873
O=C(O)c1ccc(S(=O)(=O)[C@@H]2CCCC[C@H]2N(c2ccccc2)S(=O)(=O)c2ccccc2)cc1Cl,0.5685
CC(C)(C)c1ccc(S(=O)(=O)c2ccc3c(c2)C(=O)N(Cc2cn[nH]c2)C3=O)cc1,0.5034
CC(C)(C)c1ccc2c(c1NS(=O)(=O)c1ccc(Cl)cc1)C(=O)N2,0.5834
CN(C(=O)c1cc(Cl)ccc1Cl)c1ccc(C#N)cc1,0.4318
CN(c1ccccc1Cl)S(=O)(=O)Nc1c2ccccc2c(O)c2c(C(C)(C)C)ccnc12,0.4820
CC1(C)CCc2cc3c(c(Nc4ccc(F)cc4Cl)c2S1(=O)=O)C(=O)N(c1ccccc1)C3=O,0.6678
CC(C)(C)c1ncn(-c2ncccc2CNS(=O)(=O)c2ccc(Cl)c(Cl)c2)n1,0.4471
CCN1C(=O)C2=CC(NS(=O)(=O)c3ccc(C#N)cc3)=C2CN(C2CCCC2)C1=O,0.4668
COc1ccc(S(=O)(=O)c2ccc(C#N)cc2NS(=O)(=O)c2cc(OC(C)C)cc(C(F)(F)F)c2)cc1,0.4839
CC(C)(C)c1ccc(S(=O)(=O)Nc2ccc3c(c2)C(=O)N(c2cc(Cl)ccc2Cl)C3=O)cc1,0.7257
CCN(CC)c1cc(CN2C(=O)N(c3cccc(C(C)(C)C)c3)C23CCN(C=O)CC3)ccc1Cl,0.4905
CN(C)S(=O)(=O)c1ccc(N2Cc3cc(NC(=O)Nc4ccc(C(C)(C)C)cc4)ccc3C2=O)cc1,0.5739
CC(C)(C)c1ccc(N2C(=O)COc3ccc(NC(=O)c4cccc(C(F)(F)F)c4)cc32)cc1,0.4514
CN(Cc1ccc(C(C)(C)C)cc1)S(=O)(=O)c1ccc(S(=O)(=O)c2ccccc2)cc1,0.3163
CS(=O)(=O)c1cccc(O[C@@H]2CCC[C@H]2NS(=O)(=O)c2cc(C#N)c(Cl)s2)c1,0.4464
CC(=O)c1cc2c3ccc(C)cc3n(O)c(=O)c2n1-c1ccc(C(C)(C)C)cc1,0.5333
CC(C)COC(=O)Nc1cccc2c1c(=O)c1cc(Cl)ccc1n2C(=O)C1c2ccccc2C1C(C)(C)C,0.5289
COc1ccc(S(=O)(=O)Nc2ncc(Cl)s2)c2c1C(=O)N(c1ccc(Cl)cc1)C2=O,0.6260
COc1ccc(C(=O)Nc2ccc(C(C)(C)C)cc2N(C)C)cc1,0.3613
COc1cccc(Cl)c1N(C)C(=O)Nc1ccc(S(C)(=O)=O)c2c1N(c1ccc(Cl)cc1Cl)C2=O,0.6072
CCCCCCC(C)(C)NC(=O)c1ccc(C#N)c(-c2ccc(C(=O)O)c(Cl)c2)c1,0.3574
CC(C)(C)NS(=O)(=O)c1ccc(Nc2ccc(S(N)(=O)=O)cc2)cc1,0.2462
N#Cc1ccc(CC(=O)Nc2ncsc2NS(=O)(=O)c2ccc(Cl)cc2)cc1,0.4136
CN(C)C(=O)c1ccc(S(=O)(=O)Nc2ccc(C(F)(F)F)cc2)cc1,0.4424
CC(C)=Cc1nc(NC(=O)c2ccc(Cl)cc2)c(Cl)n1-c1ccc2ccc(=O)n(C)c2c1,0.5254
N#CCS(=O)(=O)c1ccc(NC(=O)Nc2ccnc3cccc(Cl)c23)cc1,0.3525
CC(C)(C)c1ccc(S(=O)(=O)Nc2ccc(Cl)cc2)c(-c2ccccc2)c1,0.5197
CC(C)(C)c1ccc(S(=O)(=O)c2c(Cl)cc(Cl)c3c2NC(CC(=O)O)CC3)cc1,0.5114
Cc1c(Cl)c(NC(=O)c2cccc(C(C)(C)C)c2)c2[nH]c(=O)n(C)c(=O)c2c1Cl,0.5754
COc1cccc2c1C(C)(C)N(c1c(Cl)csc1S(=O)(=O)Nc1ccc(CN3Cc4cn[nH]c4C3=O)cc1)C2=O,0.6615
CCOc1cc2c(c(O)c1C#N)C(=O)C(C1CCCO1)N(c1ccc(C(C)(C)C)cc1)C2=O,0.6201
COc1cc(-c2cc3c(c(C(C)C)c2)CN(c2cccc(C(F)(F)F)c2)C3=O)ccc1NS(C)(=O)=O,0.5665
Cn1cc2c(n1)COc1cc(Cl)c(NS(=O)(=O)c3ccc(C(C)(C)C)c(Cl)c3)cc1-2,0.5818
CC(=O)OCc1c(Cl)cc(NS(=O)(=O)c2ccc(Cl)cc2)c2ncccc12,0.4712
COc1ccc(S(=O)(=O)Nc2cccc(N(C)C)c2S(=O)(=O)Nc2ccc(C(C)(C)C)cc2)cc1,0.4446
Cc1ccc(C(C)(C)C)c(N2C(=O)c3cn(C(C)C)nc3S(=O)(=O)c3ccc(Cl)cc32)c1Cl,0.6256
COC(=O)c1ccc(-n2c(=O)c3cc(C(C)(C)C)ccc3n(CCc3cc[nH]n3)c2=O)cc1,0.5494
CC(C)(C)c1ccc(Cl)c(C(=O)Nc2c(Cl)c[nH]c(=O)c2-c2cccc(F)c2)c1,0.5059
CCOC(=O)c1ccc(-c2cc(NS(=O)(=O)c3cccc(C#N)c3Cl)cnc2N2CCOCC2)cc1,0.5445
COC(=O)C(c1ccccc1NS(=O)(=O)c1cc(Cl)cc(Cl)c1)c1ccccc1OC,0.5051
C[C@H](Nc1cc2cc(S(=O)(=O)N(C)C)ccc2n1C(=O)C(C)(C)C)c1ccccn1,0.4980
Cc1c(Nc2c(C(=O)O)ccc(C(C)(C)C)c2O)ccc2ncnc(-c3ccccc3)c12,0.5046
CC(C)c1ccc(S(=O)(=O)Nc2cccc(Cl)c2C(=O)O)cc1,0.5207
O=C(NC1CCCC1=O)c1nn(-c2ccccc2)cc1NS(=O)(=O)c1ccc(Cl)cc1Cl,0.5214
CC(C)(C)c1ccc(-c2cccc3c2S(=O)(=O)NC(=O)c2c(ccc4c2CC(O)CN4Cc2ccccc2)C3=O)cc1,0.6359
CN1Cc2ccc(NCc3cc(C(=O)O)c(C#N)cc3OC(C)(C)C)cc2S1(=O)=O,0.4905
O=S(=O)(Nc1ccc(Cl)cc1C1(CCO)CCC1)c1ccc(Cl)c(Cl)c1Cl,0.4837
O=S(=O)(NC1CCCc2cc(Cl)ccc21)c1ccc(Cl)cc1Cl,0.4031
CC(C)Oc1ccc(S(=O)(=O)Nc2cc(-c3ccc(C(C)(C)C)cc3)ccc2Cl)cc1,0.5073
CC(C)(C)c1ccc(NS(=O)(=O)c2c(O)c3nccn3n2-c2ccccc2)c(C#N)c1,0.5710
CC(C)(C)c1ccc(S(=O)(=O)Nc2ccc(Cl)cc2C#N)c(Cl)c1,0.5036
Cc1cc(C(C)(C)C)ccc1-c1c(S(=O)(=O)c2ccc(Cl)cc2)ccc2[nH]c(=O)ccc12,0.4463
CC(C)(C)c1cc(C(C)(C)C)c2c(c1)S(=O)(=O)Nc1cc(Cl)ccc1N(CCCO)C2=O,0.6269
O=C(Nc1ccc(NS(=O)(=O)c2ccc(Cl)c3cccnc23)cc1Cl)C1CC1,0.4568
CC(C)(C)c1ccc(Cl)c(S(=O)(=O)Nc2ccccc2C23CCCN(CC2)CC3)c1,0.4634
CN(c1ncc(Cl)n1-c1ccc(Cl)cc1)S(=O)(=O)c1ccc(S(C)(=O)=O)cc1,0.4517
CC(C)(C)c1ccc(S(=O)(=O)Nc2ccc(Cl)cc2C#N)cc1,0.5462
CC(C)c1ccc(NS(=O)(=O)Nc2ccc(Cl)c(N3C(=O)COc4cccnc43)c2)cc1,0.5295
CC(C)(C)c1ccc(NC(=O)Nc2cccc(Cl)c2)c(S(N)(=O)=O)c1,0.3601
CC(C)(C)NS(=O)(=O)c1ccc(CN2C(=O)C(NS(=O)(=O)c3ccc(Cl)cc3Cl)C2=O)c(Cl)c1,0.4170
Cc1cnccc1-c1ccccc1NS(=O)(=O)c1ccc(C(C)(C)C(=O)O)cc1Cl,0.6189
CC(C)c1ccc2c(=O)n(-c3ccc(N(C)C)cc3)c(=O)n(-c3ccc(Cl)cc3)c2c1Cl,0.5320
CCS(=O)(=O)Nc1ccc(S(=O)(=O)Nc2cccc(OC(F)(F)F)c2)cc1,0.3741
CN(C)c1ccc(-c2ccc(NC(=O)N3C(=O)COc4cc(C(C)(C)C)ccc43)cc2Cl)cc1,0.4647
Cc1ccccc1C1C(=O)Nc2ccc(NS(=O)(=O)c3c(Cl)cccc3C(C)C)cc2N(C)C1=O,0.5404
CS(=O)(=O)c1cc(N=C2CC(N)c3cccnc32)ccc1Cl,0.4509
O=C(O)c1cc2c(cc1Cl)C(=O)C(NS(=O)(=O)c1ccc(Cl)cc1)c1cc(Cl)ccc1-2,0.5247
CCCCC(=O)N1CN(S(=O)(=O)c2ccc(Cl)cc2Cl)c2cnc(-c3ccc(C(=O)O)cc3)n2[C@H]1C,0.6301
COc1cc2c(cc1NC(=O)C(C)c1ncoc1C)C(=O)N(c1cccc(C(=O)O)c1Cl)C2,0.6245
COCC1(OC)CCC2(CC1)CC(=O)N(S(=O)(=O)c1cccs1)c1cc(Cl)ccc12,0.5985
CC(C)(C)c1ccc(NC(=O)NN=C(C(=O)O)c2ccc(Cl)c(C(C)(C)C)c2)c(Cl)c1,0.3724
Cc1cc(-c2c(C)cc(Cl)c(S(=O)(=O)N(C)C)c2-c2ccc(OCCN(C)C)cc2Cl)ccc1Cl,0.4959
CC(C)(C)OS(=O)(=O)Nc1ccc(OCC(=O)O)c(OC(F)(F)F)c1Cl,0.3627
CC(C)(C)c1ccc(-c2cccnc2-c2[nH]ncc2C#N)cc1NS(=O)(=O)Cc1cccnc1,0.5203
CC1(C)Oc2cc(NC(=O)c3ccc(C(C)(C)C)cc3)ccc2N(O)C1=O,0.4590
C[C@H]1CCC[C@@](C(=O)O)(S(=O)(=O)Nc2ccc(Cl)c(Cl)c2)C1,0.3461
CNS(=O)(=O)c1ccc(CN2C(=O)c3c(Cl)cc4c(c32)C(C)(C)CNC4=O)cc1,0.6713
CC(C)N1CCc2c(nc(-c3cccc(C(=O)O)c3)n2Cc2ccc(Cl)ccc2=O)C1,0.5172
Cc1ccc(NS(=O)(=O)c2ccc(C(C)(C)C)cc2)n1-c1ccc(Cl)c(C(=O)NCc2ccncc2)c1,0.5366
C[C@H](NC(=O)OC(C)(C)C)c1c(Cl)cccc1NS(=O)(=O)c1ccc(-c2nc(=O)o[nH]2)cc1,0.5506
CC(C)(Nc1ccc2c(c1S(=O)(=O)Nc1ccccc1)C=CC2(C)C)C(=O)O,0.5173
CC(C)(C)c1ccc(C(=O)Nc2cc(C(F)(F)F)c(Cl)cc2-c2cccnc2)cc1,0.4500
CCOC(=O)Cn1cnc2cc(Cl)c3c(c21)N(S(=O)(=O)c1ccc(C(C)(C)C)cc1)CCC3O,0.6629
CC[C@@]1(O)C[C@@H](NS(=O)(=O)c2ccc(-c3nn[nH]n3)cc2)c2cc(Cl)ccc2C1=O,0.5283
COc1ccc(NS(=O)(=O)c2ccc(-c3nn[nH]n3)cc2)cc1C(=O)C(C)(C)C,0.4615
CC(C)(C)c1ccc(S(=O)(=O)NCc2ccc3c(c2)C(C)(C)N(c2ccccn2)C3=O)o1,0.6314
COc1ccc(N2Cc3ccc(C(=O)N[C@H](C)[C@H](O)c4cccc(Cl)c4)cc3C2=O)c(C)c1,0.5288
O=S(=O)(Nc1ccc(S(=O)(=O)c2cccc(Cl)c2)cc1)c1cccc(Cl)c1,0.3840
CC(C)(C)c1ccc(-c2nccnc2-c2ccccc2S(=O)(=O)Nc2ccc(Cl)cc2)cc1,0.5539
CC(C)(C)c1ccc(S(=O)(=O)n2ncc3c2CCC(=O)N3Cc2ccccc2)cc1,0.5439
CN(C)S(=O)(=O)n1ccc(-c2ccc(C(F)(F)F)c3c2C(=O)C(=NC(C)(C)C)S3(=O)=O)c1,0.5946
CC(C)(C)c1ccc(S(=O)(=O)Nc2cc(-c3cccc(C#N)c3)ccc2C(Cc2ccccc2)C(=O)O)cc1,0.5004
CC1(C)Cc2cc(NS(=O)(=O)c3cccc(Cl)c3Cl)ccc2C(=O)c2nc3cc(Cl)c(O)cc3n21,0.6040
COC(=O)c1ccccc1S(=O)(=O)N[C@@H]1Cc2cc(Cl)ccc2CN1S(=O)(=O)c1cccc(C(C)(C)C)c1,0.5342
CC(C)(C)c1cc(NS(=O)(=O)c2ccc(C#N)cc2)n2c1c(=O)[nH]c1ccc(O)cc12,0.5415
COC(=O)c1cc2c(cc1OC)C(=O)C(NC(=O)Nc1cnc(C)n1C(C)C)C2=O,0.5064
CN(C)S(=O)(=O)c1c(Cl)ccc(Cl)c1CNS(=O)(=O)c1cc(C(C)(C)C)ccc1Cl,0.4325
CC(C)(C)c1ccc(S(=O)(=O)Nc2ccc(C#Cc3cccnc3Cl)cc2)cc1,0.4803
Clc1ccc(OCc2cnc3cccnn23)cc1Cl,0.3126
COc1cc(C(=O)NCc2ccc(S(=O)(=O)Nc3ccc(OC)c(OC)c3)cc2Cl)ccc1Cl,0.5183
COc1cc(NS(=O)(=O)c2csc(-c3nn[nH]n3)n2)cc(C(C)(C)C)c1,0.4545
CN(C)c1ccc(S(=O)(=O)Nc2ccc(Cl)cc2O)cc1C(F)(F)F,0.4707
CN1c2ccc(C(=O)O)c(Nc3ccc(Cl)cc3Cl)c2C(=O)C1(C)C,0.4912
Cc1cc2[nH]c(=O)c3c(NS(=O)(=O)Nc4ccc(C(C)(C)C)cc4)cc(C#N)cc3c2cc1Cl,0.4368
COC(=O)c1ccc(S(=O)(=O)Nc2ccc(Cl)c3c2N(C(C)C)C(=O)C3(C)C)c(Cl)c1,0.6159
CC(C)(C)c1c(-c2ccc(NS(=O)(=O)c3ccc(Cl)cc3[N+](=O)[O-])cc2)cc[nH]c1=O,0.4948
C[C@@H](c1cc2c(c(S(C)(=O)=O)c1)C(=O)N(c1ccc(C(C)(C)C)cc1Cl)C2O)n1cccn1,0.6427
Cc1ccc(Cn2ncc3c2C(=O)N(c2ccc(CC(C)(C)C)c(O)c2C)C3=O)cc1,0.5956
COc1ccc(N2C(=O)C(=O)c3cc(-n4nccc(C)c4=O)ccc3S2(=O)=O)cc1,0.6052
Cc1cc2ccc(N(CC(C)C)S(=O)(=O)c3ccc(Cl)cc3)cc2n(-c2nccs2)c1=O,0.5684
CC(C)(C)c1ccc(NC(=O)NC(=O)Nc2ccc([N+](=O)[O-])cc2)cc1,0.2273
CC(C)Oc1ccccc1S(=O)(=O)Nc1ccc(S(=O)(=O)NC(C)(C)C)cc1Cl,0.4198
O=C(O)c1ccc(Nc2ccc3c(c2)C(=O)NS(=O)(=O)c2ccccc2-3)cc1,0.4596
CN(C)S(=O)(=O)c1ccc(N2C(=O)C(=O)c3c(sc(Cl)c3Cl)C2=O)o1,0.6294
CC(C)(C)c1cc(Cl)c(Cn2c(=O)c3ccc(Cl)cc3c3ncccc32)c(S(N)(=O)=O)c1,0.5174
CC(C)(C)c1ccc(N2CC(NC(=O)c3ccc(C#N)cc3)C(=O)c3c[nH]nc32)c(Cl)c1,0.5514
Cc1nn(C)c(-c2ccc(C(=O)OC(C)C)cc2)c1NS(=O)(=O)c1ccc(Cl)cc1,0.5146
CN(C)S(=O)(=O)Oc1ccccc1NS(=O)(=O)Nc1ccc(Cl)cc1C#N,0.3619
CN(C)S(=O)(=O)c1ccc(NC(=O)c2cc(Cl)c(Cl)cc2C(C)(C)C)cc1,0.4746
CCc1c(NC(=O)c2ccc(S(N)(=O)=O)cc2)ncn1-c1ccc(Cl)cc1Cl,0.5040
O=C1c2ccccc2C(=O)N1Cc1ccc(Cl)cc1NS(=O)(=O)c1cccc2[nH]ncc12,0.6548
Cc1ccccc1S(=O)(=O)c1ccc(Cl)cc1C(=O)N(c1noc(C(C)(C)C)n1)c1ccccc1C(=O)O,0.5799
CC(C)(C)c1cccc(NC(=O)c2ccc(C(=O)O)cc2OCCCc2ccccc2)c1,0.4068
Cc1ncc(N2Cc3cc(NS(=O)(=O)c4ccc(C(C)(C)C)cc4)ccc3C2=O)cn1,0.6973
CC(C)CNS(=O)(=O)c1ccc(Cl)c(C2NS(=O)(=O)c3ccccc3N2Cc2ccc(Cl)cc2)c1,0.5399
CCOc1cc(C#N)cc2ncn(Cc3ccccc3CNC(C)C)c12,0.4445
COC(=O)c1ccc(S(=O)(=O)Nc2ccc(C(C)(C)C)cc2C(=O)NC(C)(C)c2ccc(F)cc2)cc1,0.6543
C/C=C/C(=O)Nc1ccc(-c2cccc(NS(=O)(=O)c3ccc(Cl)cc3)c2Cc2nn[nH]n2)cc1,0.4683
COc1ccc(S(=O)(=O)c2ccc(C(C)(C)C)cc2NC(=O)c2ccc(Cl)cc2)cc1,0.4349
CN(C)S(=O)(=O)c1cc(Cl)ccc1S(=O)(=O)Nc1ccc(C(=O)O)cc1,0.4047
COc1ccc(S(=O)(=O)c2ccc(NC(=O)c3ccccc3)cc2)cc1,0.3462
CC(C)(C)c1ccc(S(=O)(=O)c2ccccc2N2CCN(c3ccccc3)C(=O)C2)cc1,0.3828
CC(C)(C)c1ccc(S(=O)(=O)Nc2ccccc2S(=O)(=O)c2ccccc2)cc1,0.4517
CCOC(=O)c1ccc(C(F)(F)F)cc1NS(=O)(=O)c1ccc(Cl)cc1,0.4973
O=S(=O)(Nc1cc(S(=O)(=O)c2ccc(Cl)cc2)ccc1Cl)c1ccc(Cl)cc1,0.3912
CC(C)(C)c1cc2c(cc1Cl)c(=O)n(S(=O)(=O)c1ccccc1C(F)(F)F)c1c(C#N)cc(C#N)n21,0.6281
CC(C)(C)c1cc(CNC(=O)Nc2ccc(C#N)c(-c3ccc4c(c3)OCO4)c2C#N)ccc1Cl,0.4541
N#Cc1ccc(S(=O)(=O)Nc2cc(Cl)ccc2NC(=O)Cc2ccccc2)cc1Cl,0.4526
COc1cc(OC)c(C2c3cc(Cl)c(NCc4nc(C(C)(C)C)n(C)n4)cc3C(=O)N2C)cc1OC,0.5619
N#Cc1ccc(-c2ccccc2S(=O)(=O)c2cccc([N+](=O)[O-])c2)cc1,0.3316
CC1=CCNc2c(C#N)cc(Cl)c(NS(=O)(=O)c3ccc(C(C)(C)C)cc3)c21,0.5458
CC(C)C1Nc2c(cc(Cl)cc2S(=O)(=O)c2ccc(Cl)cc2Cl)C1O,0.5126
CC(C)(C)c1cc(S(N)(=O)=O)c(C2c3ccccc3C(=O)N2C2CCNCC2)cc1Cl,0.5510
COc1cc(C(C)(C)C)ccc1S(=O)(=O)Nc1cc(Cl)ccc1S(=O)(=O)OC,0.4847
COc1cccc(C(=O)O)c1Nc1ccc2c(=O)[nH]ccc2c1,0.3519
COC(=O)c1ccc(S(=O)(=O)Nc2ccc(C(C)(C)C)cc2)cc1C(C)(C)C,0.4633
COC(=O)N=C1c2cccc(Cl)c2CC1(NC(=O)c1ccc(C(C)(C)C)cc1)c1ccc(Cl)cc1,0.5638
CC(C)N(Cc1ccc2cc(Cl)cc(NS(=O)(=O)c3sccc3NC(=O)c3c(Cl)cnn3S(C)(=O)=O)c2c1)C(=O)O,0.5986
CC(C)(C)c1ccc(N(C=O)C(=O)c2ccc(Cl)cc2CN(CCCC(=O)O)S(=O)(=O)c2ccc(Cl)cc2)cc1,0.5582
O=C1Nc2c(Cl)cc(-c3ccc(C(F)(F)F)cc3)cc2CC1Nc1ccc(S(=O)(=O)NCCO)cc1,0.4933
CC(C)(C)c1ccc(S(=O)(=O)NCc2cc(Cl)c(Cl)c(S(C)(=O)=O)c2)o1,0.4347
N#Cc1cccc(C(=O)Nn2c(N)nc3cc(Cl)ccc32)c1,0.3754
CC1c2cc(Cl)ccc2C(=O)N1c1ccc(NS(=O)(=O)NC(C)(C)C)cc1,0.5401
CC(C)(C)c1ccc(NS(=O)(=O)C2c3ccccc3-c3ccccc32)cc1,0.3607
COc1ccc(S(=O)(=O)Nc2cccc(C(=O)O)c2S(=O)(=O)c2ccc(Cl)c(Cl)c2)cc1,0.5140
CC(C)(C)c1ccc(-n2c(=O)n(-c3ccc(NS(C)(=O)=O)cc3)c(=O)c3ccccc32)cc1,0.4750
CC(C)(C)C(=O)N1C(=O)c2c(NS(=O)(=O)c3ccc(C(C)(C)C)cc3)cccc2C1(C)C,0.7147
NS(=O)(=O)c1ccc(Nc2ncnc3ccccc23)cc1,0.3170
CC(C)(C)c1ccc(S(=O)(=O)Nc2cc(C#N)ccc2Cl)cc1,0.5143
CC(C)(C)c1ccc(NS(=O)(=O)N2Cc3ccc(Cl)cc3C2=O)cc1,0.4512
COc1cc(Cl)cc(Cl)c1S(=O)(=O)Nc1cccc2ccc(N(C)C)cc12,0.4223
CC(C)(C)c1ccc(S(=O)(=O)Nc2ccnn2Cc2cnn3cccnc23)cc1,0.4791
CN1C(C(=O)Nc2ccc(Cl)c(Cl)c2)c2cc(OC(C)(C)C)ccc2NS1(=O)=O,0.5348
CC(C)(C)Nc1nc(Nc2ccc(Cl)cc2)c2sc(C=CC(=O)O)cc2n1,0.4567
COc1ccc2c(Nc3ccc(C(C)(C)C)cc3S(=O)(=O)O)ncnc2c1OC,0.4901
COc1cccc(C(=O)NC2CCc3c(cnn(-c4ccc(C(C)(C)C)cc4)c3=O)C2O)c1,0.5306
CC(C)(C)c1ccc(CNC2C(=O)c3c(cnn3-c3nn[nH]n3)N(c3ccccc3)C2=O)cc1,0.5740
CN(C)c1cc(Cl)c(-n2c(=O)c3ccccc3n(-c3ccc(Cl)cc3)c2=O)cc1S(N)(=O)=O,0.5463
COC(=O)c1cccc(S(=O)(=O)Nc2ccc(C(C)(C)C)cc2NC(=O)C2CC2)c1,0.4537
CC(C)(C)c1ccc(N2c3nn(-c4ccccc4Cl)cc3C(=O)NCc3ccccc3S2(=O)=O)c(Cl)c1,0.6455
COc1ccc2c(=O)n(-c3ccc(Cl)cc3)c(=O)n(Cc3ccc(C(C)(C)C)cc3)c2c1C(=O)O,0.5988
COc1ccc(N(c2cc3ccccc3[nH]c2=O)S(=O)(=O)c2ccc(C(C)(C)C)cc2)cc1,0.5070
CC(C)OC(=O)c1cccc(NS(=O)(=O)Nc2ccc(Cl)c(OC(C)(C)C)c2)c1,0.3540
Cc1nc(C(NS(=O)(=O)c2cc(Cl)c(Cl)cc2Cl)C(=O)O)nn1C(C)(C)C,0.4573
COc1cccc(NS(=O)(=O)c2ccc(C(C)(C)C)cc2)c1N1C(=O)C(=O)c2cc(C(F)(F)F)ccc21,0.5750
CC(C)(C)c1ccc(NS(=O)(=O)c2ccc3c(c2Cl)C(=O)N(c2ccc(C#N)cc2)C3)cc1,0.6888
CN1c2cc(Cl)c(cc2-c2ccc3c(c2)C(=O)N(c2ccc(S(C)(=O)=O)cc2)C3=O)S1(=O)=O,0.6259
Cn1nnnc1-c1ccc(NC(=O)c2ccc(C(C)(C)C)cc2)cc1,0.3387
CC(C)(C)c1ccc(N2Cc3c(ccc(NC(=O)NS(=O)(=O)c4cccs4)c3Cl)C2=O)cc1,0.6408
CC(C)(C)c1cc(NS(=O)(=O)c2ccc(Cl)c(C#N)c2)ccc1Cl,0.4831
CC(=O)NS(=O)(=O)c1cc(C(C)(C)C)ccc1Nc1cc(Cl)cc(Cl)c1,0.3811
CC(C)Oc1ccc(N2C(=O)c3ccc(NS(=O)(=O)c4ccccc4)cc3C2=O)cc1,0.6957
CC(C)(C)c1ccc(S(=O)(=O)Nc2ccc(NC(=O)C#Cc3ccncc3)c(Cl)c2)c(Cl)c1,0.4677
O=S(=O)(Nc1ccc(Cl)c(Cl)c1)Nc1ccccc1Cl,0.2647
CCC(C)COC(=O)c1[nH]c(=O)n(-c2cc(C(=O)Nc3ccccc3C(=O)O)ccc2Cl)c1O,0.5724
CC(C)(C)Oc1ccc(S(=O)(=O)NC2CC(=O)C(=O)c3cc(Cl)c(Cl)cc32)cc1,0.4951
CC(C)(C)CNS(=O)(=O)Nc1ccc(-c2ccc(Cl)c3c2CC(=NC(=O)OC(C)(C)C)C3=O)cc1,0.5020
CC(=O)NCc1ccc(C(C)(C)C)cc1S(=O)(=O)Nc1ccc(Cl)c(C#N)c1O,0.5184
CCN1C(=O)c2cc(C(=O)N(C)c3ccccc3)cc(S(=O)(=O)NC(C)C)c2C1=O,0.5704
CN(C)S(=O)(=O)c1ccc(NC(=O)NC(=O)c2ccc(C(=O)O)cc2)c(Cl)c1,0.4087
CC(C)(C)c1ccc2c(c1)C(=O)N2C(=O)c1cccc2cc(NS(C)(=O)=O)ccc12,0.5445
N#Cc1ccc(NS(=O)(=O)c2cc(Cl)ccc2C2CNC2=O)cc1,0.4522
CCS(=O)(=O)Nc1ccc(Cl)cc1S(=O)(=O)c1c(OC)cccc1-c1ccc(C(C)(C)C)cc1,0.5029
O=C(Nc1ccc2c(c1)OCO2)Nc1cccc(C2(C(=O)O)CCOCC2)c1Cl,0.4598
CN(C)S(=O)(=O)c1cc(NC(=O)C(C)(C)c2ccc(Cl)cc2)c(Cl)cc1Cl,0.4150
CC(C)N1Cn2c(c(CO)n(-c3ccc(C(C)(C)C)cc3)c2=O)-c2cc(CCC(=O)O)ccc21,0.6216
COC(=O)Nc1cccc(COC[C@H](c2ccc(Cl)cc2)N2Cn3nccc3C2=O)c1,0.5169
COC(=O)C(C)(C)N(C)c1cc(NS(=O)(=O)c2ccc(Cl)cc2C#N)cc(C(C)C)c1,0.5000
CC(C)c1nc(N2C(=O)C(=O)c3ccc(S(=O)(=O)c4c5ccccc5nn4C)c(O)c32)co1,0.6419
Cc1c(NC(=O)CCN2CCOCC2)sc2cc(S(=O)(=O)Nc3cccc(C(C)(C)C)c3Cl)ccc12,0.5462
CC(C)(C)OC(=O)c1ccc(C#Cc2cc(Cl)c(S(=O)(=O)Nc3ccc(Cl)cc3)cc2N2CCCC2)o1,0.5192
COC(=O)c1cccc2c1C(=O)N2S(=O)(=O)c1ccc(NC(=O)c2ccc(F)cc2F)cc1,0.6372
CC(C)(C)c1ccc(S(=O)(=O)Nc2cccc(S(=O)(=O)Nc3c(Cl)cccc3Cl)c2)cc1,0.5180
CC(C)(C)c1cccc(-c2nc(Nc3ccc(S(C)(=O)=O)cc3C(=O)O)ncc2Cl)c1,0.4833
Cc1ccccc1NC(=O)c1ccc(S(=O)(=O)N[C@H]2CCc3c(N)cccc3C2)cc1Cl,0.5193
CNC(=O)c1cccc(Cl)c1CN1C(=O)c2c(Cl)ccc(NC(=O)C3CC3)c2C1Cc1ccc(Cl)c(C#N)c1,0.6182
O=C(c1ccc(Cl)cc1)c1ccccc1NS(=O)(=O)c1ccccc1,0.4542
N#Cc1ccc(N2C(Nc3ccc(Cl)cc3)C(Nc3cccc4cc[nH]c34)=NS2(=O)=O)cc1,0.5009
CC(C)(C)OC(=O)Nc1cc(Cl)c2c(c1)C(=O)N(c1ccc(S(C)(=O)=O)cc1Cl)C2=O,0.6773
COc1ccc(CS(=O)(=O)Nc2cccn(CC(C)C)c2=O)cc1-n1nnnc1C(C)(C)C,0.5164
NC(=O)c1ccc(NCC(=O)NCc2cc(Cl)c(Cl)c(Cl)c2)c(C(=O)O)c1,0.3635
Cn1c(=O)c(=O)n(S(=O)(=O)c2ccc(Cl)cc2)c2c(Cl)cc(C(C)(C)C)cc21,0.5318
CCOC(=O)c1cccc2ccc(Cl)c(NS(=O)(=O)C(=O)Nc3ncc(C(C)(C)C)s3)c12,0.5020
CC(C)(C)S(=O)(=O)c1cccc(NS(=O)(=O)c2ccc(Cl)c(Cl)c2)c1,0.4037
NS(=O)(=O)c1cccc(-c2ccc(Nc3ncccn3)cc2)c1O,0.3441
CCNC(=O)c1c(Nc2c(CC(=O)OC)ccc3c2C(=O)C(C)(C)O3)ccc(Cl)c1Cl,0.5595
C[C@@H]1CCCC1n1c(=O)n(Cc2ccc(C(C)(C)C)cc2Cl)c(=O)c2cc(C#N)ccc21,0.5067
O=C1c2cc(Cl)c(Cn3cnc4cc(Cl)cc(Cl)c43)cc2C(=O)N1c1cccnc1,0.5942
CC(C)(C)c1c(Cl)cc2c(c1O)C(NC(=O)c1ccc(Cl)c([N+](=O)[O-])c1C(=O)O)CNC2=O,0.5959
CC(C)c1cc(N(C)C)ccc1S(=O)(=O)Nc1cc(Cl)cc(Cl)c1,0.4422
CCCCN(Cc1ccccc1Cl)C(=O)c1cc(Cl)c(N2Cc3cccc(C(=O)O)c3C2)cc1Cl,0.5249
CC1c2cc(S(N)(=O)=O)ccc2-c2nn(C)c(N3CCCC(O)C3)c21,0.6034
CS(=O)(=O)c1cccc(-c2c(NS(=O)(=O)c3ccc(Cl)cc3)cccc2C(=O)O)c1,0.5342
Cc1oncc1S(=O)(=O)Nc1cc(Cl)c2c(c1)oc1ccc(C(C)(C)C)cc12,0.4463
CC1(C)CNS(=O)(=O)c2ccc(C(=O)NCc3cccc(Cl)c3)cc21,0.4452
CS(=O)(=O)c1ccc(-c2ccc(Cl)cc2C#N)c(NC(=O)c2cccc(Cl)c2O)c1,0.4641
CC(C)COC(=O)c1cc(NS(=O)(=O)c2ccc(Cl)c(Cl)c2)ccc1OCc1ccccc1,0.4685
CC(C)(C)c1ccc(NS(=O)(=O)c2ccc(Cl)cc2)c(N(CC(=O)O)Cc2ccc(Cl)cc2)c1,0.4874
Cn1nc(C(C)(C)C)cc1NC(=O)C1NS(=O)(=O)c2cc(Cl)c(Cl)cc2C1=O,0.5802
CC(C)(C)c1ccc(OCc2ccc([N+](=O)[O-])cc2)c(NS(=O)(=O)Nc2ccccc2C#N)c1,0.4024
COCCOc1ccc(Cl)cc1-c1nc(NS(=O)(=O)c2nccc(C(C)(C)C)c2Cl)ncc1C#N,0.5332
COCCN(C(=O)Nc1c(Cl)cccc1NS(=O)(=O)c1ccccc1Cl)c1noc(C(C)(C)C)n1,0.5218
CC(C)(C)c1cccc(-n2c(Cl)cc(N)c(C(=O)c3cc4c(s3)[C@@H]3CCCN3S4(=O)=O)c2=O)c1,0.6537
CN(C)c1ccc(CN2Cc3c(c(CC(=O)O)n(C)c3-c3ccc(Cl)cc3)C2=O)cc1C#N,0.5774
CN(c1cccc(C(=O)O)c1O)c1cc2cc(C(C)(C)C)ccc2oc1=O,0.4505
CN(C)C(=O)c1ccc(-c2nccn2S(=O)(=O)Nc2ccc(Cl)cc2)c(Cl)c1,0.4704
C=CCNC1Cc2cc(C(C)(C)C)ccc2S(=O)(=O)c2ccc(Cl)c(C#N)c21,0.5006
CCN(CC)S(=O)(=O)c1sc(Cl)c2c1C(=O)N(Cc1cccnc1-c1ccc(C(C)(C)C)cc1)C2=O,0.6071
CC(C)(C)NC(=O)c1cccc2c1CN(c1cccc(C(=O)NC(=O)c3ccccc3N)c1)C2=O,0.5923
CC1(C)c2c(Cl)cccc2[C@H](c2nc3cc(Cl)ccc3c(=O)[nH]2)C1C(=O)O,0.5403
Cc1nn(-c2cccc(C(C)(C)C)c2)c(CCC(=O)O)c1S(=O)(=O)Nc1ccc(C#N)cc1,0.5125
CC1(CNC(=O)Nc2ccc(C(C)(C)C)cc2)Cc2cc3ccccc3nc2C1=O,0.4348
CC(C)(C)c1ccc(S(=O)(=O)Nc2cc(Cl)c3c(O)c(O)cnc3c2O)cc1,0.4958
CC(C)(C)c1ccc(-c2cccc(Cl)c2NS(=O)(=O)c2cc(S(=O)(=O)N3CCCC3=O)ccc2Cl)c(C#N)c1,0.5536
CC(C)(C)Oc1cc(NS(=O)(=O)c2ccc(Cl)c(Cl)c2O)c2ccc(Cl)cc2c1,0.4160
CC(C)(C)c1ccc2c(c1)Cc1nccn1-c1ccc(Cl)cc1NS2(=O)=O,0.5313
CN(C(=O)C=Cc1c[nH]cn1)c1ccc(C(C)(C)C)cc1NS(=O)(=O)C1CC1,0.4082
CCOC(=O)Nc1cc2c(cc1Cl)S(=O)(=O)N=C2c1ccc([N+](=O)[O-])cc1,0.4902
O=C1NCC(c2cc(Br)ccc2Cl)C1NS(=O)(=O)c1ccc(Cl)cc1,0.4373
CC(C)(C)c1cnc(NS(=O)(=O)c2ccc(NS(=O)(=O)c3ccc(C#N)s3)cc2)o1,0.4533
CCS(=O)(=O)Nc1ccc(Cl)c(C2C(=O)N2Cc2ccc(S(=O)(=O)NCC(C)C)cc2)c1,0.5247
CC(C)(C)C(=O)Nc1ccc(N2C(=O)c3cc(Cl)c(S(=O)(=O)Nc4ccc(Cl)cc4)cc3C2=O)cc1,0.6430
CC(C)(C)c1ccc2c(c1)S(=O)(=O)Nc1cc(C(=O)[O-])c(Cl)cc1NC(=O)N2,0.5386
CCOc1cc(CNc2nc3c(s2)C(=O)N(c2ccc(S(C)(=O)=O)cc2)C3=O)cc(-n2nccc2C#N)c1,0.6133
CC(C)(C)c1cccc2c1NC(=O)CN2Cc1ccc(NS(=O)(=O)c2ccccc2)cc1,0.5081
CC(C)c1ccccc1S(=O)(=O)c1ccccc1NS(=O)(=O)c1ccc(C(C)(C)C)cc1,0.4367
CC(C)c1cc(N[C@@H]2CS(=O)(=O)c3ccc(Cl)cc32)n(S(C)(=O)=O)n1,0.5487
CC(C)(C)c1ccc(S(=O)(=O)c2cccnc2Nc2ccc(S(C)(=O)=O)cc2)cc1,0.3975
CC(C)(C)c1ccc(NS(=O)(=O)c2cc(Cl)cc3cccnc23)c(Cl)c1,0.4641
CC(C)[C@H](CNS(=O)(=O)c1ccccc1)c1ccc2[nH]c3c(c2c1)CN(C(=O)Nc1ccccc1)CC3,0.5167
CC(=O)Nc1c(Cl)c(-c2nc(C)no2)cc2c1N(Cc1ccc(C(C)(C)C)cc1Cl)C(=O)C2=O,0.6418
CC(C)(C)c1ccc(NS(=O)(=O)c2cccc(Cl)c2Cl)c(C(=O)O)c1,0.5027
CCOC(=O)Nc1cc(Cl)c2cccc(NS(=O)(=O)Cc3c(Cl)cccc3Cl)c2c1,0.3646
O=C(O)c1ccccc1N1C(=O)c2ccc(-c3cn(Cc4ccc(C(F)(F)F)cc4)nn3)c(Cl)c2C1=O,0.6623
CC(C)(C)c1ccc(NS(=O)(=O)C2(Cc3ccc([N+](=O)[O-])cc3)OC(=O)c3ccc([N+](=O)[O-])cc3C2=O)cc1,0.5635
Nc1ccncc1C1CN(S(=O)(=O)c2ccc(Cl)c(-c3c(Cl)cccc3Cl)c2)C1,0.4284
CC(C)(C)c1ccc(S(=O)(=O)N2CC(=O)C(=O)c3cc(C(C)(C)C)ccc32)cc1,0.5504
O=C(O)c1cc(Cl)cc(Cl)c1NS(=O)(=O)c1ccc(Cl)cc1,0.4930
CCOC(=O)c1ccc(-c2ccccc2S(=O)(=O)Nc2ccc(C(C)(C)C)cc2)c(C)c1,0.4528
CC(C)(C)c1ccc(-c2ccc(C(=O)NC(=O)c3ccc4c(c3)C(=O)N(c3ccccc3)C4=O)cc2Cl)cc1,0.5253
CS(=O)(=O)c1ccc(Nc2ccccc2S(=O)(=O)N2CCC(C(=O)O)C2)cc1,0.3685
CC(C)Cc1ccc(S(=O)(=O)NC2C(=O)N(CCCC(=O)O)c3cc(Cl)ccc32)c(Cl)c1,0.5680
CC(C)c1ccc(NS(=O)(=O)c2ccc(C#N)cc2)c(-c2ccccc2O)c1,0.6229
Cn1nc(C(C)(C)C)nc1N1C(=O)c2ccn(S(=O)(=O)c3cc(Cl)ccc3Cl)c2C1=O,0.6461
O=C1C=C2Nc3ccc(Cl)cc3C(C(=O)NS(=O)(=O)c3ccc(Cl)c(Cl)c3)C(=O)C12,0.5531
CC(C)(C)c1cc(N(C(=O)c2ccccc2NS(C)(=O)=O)c2ccccc2)ccc1Cl,0.5091
CC(C)c1ccc(S(=O)(=O)Nc2cccc(C(F)(F)F)c2O)cc1,0.4488
COc1ccncc1N1CCc2ccc(N(C)c3ccc(S(=O)(=O)C(C)(C)C)cc3OC)cc2C1=O,0.6190
CCOC(=O)C1(c2ccc(N(C)C)cc2)NC(=O)[C@@]1(C)c1ccc(C(C)(C)C)cc1,0.5444
CC(C)(C)OC(=O)c1ccc(NS(=O)(=O)c2cc(Cl)c3c(c2)C(C)(Cc2ccccc2)C3=O)cc1,0.5442
COc1ccc(S(=O)(=O)Nc2c(C#N)cc(C#N)c(NCC(C)(C)C(=O)O)c2O)cc1Cl,0.5177
Cc1[nH]nc(NS(=O)(=O)c2ccc(C(C)(C)C)cc2)c1NS(=O)(=O)c1ccc(Cl)cc1,0.4431
CC(=O)Nc1n[nH]c(COc2ccc(Cl)cc2)c1-c1ccccc1S(C)(=O)=O,0.4942
CS(=O)(=O)Nc1ccc2c(c1)[C@@H](O)c1cc(Cl)ccc1N([C@H]1CC[C@H](N3C(=O)c4ccccc43)CC1)S2(=O)=O,0.6404
N#Cc1ccc(CCNS(=O)(=O)c2ccc(NS(=O)(=O)c3ccc(Cl)c(Cl)c3)cc2)cc1,0.4281
CC(C)(C)c1ccc(-c2c(Cl)c3c(n2C(=O)c2cc[nH]n2)CCC3(O)C#N)cc1,0.6283
COc1cc2c(cc1NCc1nc(Cl)c(C(=O)O)cc1Cl)C(=O)N(c1ccc(Cl)c(Cl)c1)C2=O,0.6411
COc1nccc(NS(=O)(=O)Nc2ccc(C(C)(C)C)cc2Cl)c1Cl,0.3925
Cc1c[nH]c(C(COCC(C)C)C(=O)N2CC3CN(C(=O)Nc4ccc(C(C)C)cc4)CC3C2)n1,0.3806
CC(C)NS(=O)(=O)c1ccc2c(c1Cl)C(=O)c1ccc(C(C)(C)C)cc1-2,0.4737
CN(C)c1cc(NS(=O)(=O)c2ccc(C(C)(C)C)cc2)ccc1N1C(=O)C(=O)c2ccc(Cl)cc2C1=O,0.6270
O=c1[nH]cnc2ccc(S(=O)(=O)N[C@@H]3CCCc4cc(NS(=O)(=O)c5ccc(Cl)cc5)ccc43)c(Cl)c12,0.5600
CN(C(=O)c1ccc2c(Cl)c1OC(c1ccccc1-c1nn[nH]n1)=N2)S(=O)(=O)c1ccccc1Cl,0.5821
CN(Cc1cccc(NS(=O)(=O)c2ccccc2Cl)c1O)S(=O)(=O)c1ccc(Cl)cc1,0.4510
CC(C)(C)c1ccc(CN2C(=O)c3ccccc3S(=O)(=O)c3ccccc32)cc1,0.5021
CC(C)(CO)c1cc(NS(=O)(=O)c2cccnc2-c2cc(Cl)ccn2)ccc1C#N,0.5041
COc1ccccc1S(=O)(=O)Nc1ccc2c(c1)C(=O)N(Cc1cccc(C(=O)OC(C)(C)C)c1)C2=O,0.6385
COC(=O)c1c(-c2ccc(S(C)(=O)=O)cc2)cc2c(c1OC)-c1cc(C(C)(C)C)ccc1C2=O,0.5045
O=C(O)c1cc(NS(=O)(=O)c2ccc(-c3ccccc3)cc2)ccc1Cl,0.4581
CS(=O)(=O)c1c(NS(=O)(=O)c2ccc(Cl)cc2)cccc1-c1ccc(Cl)cc1,0.4423
COC(=O)c1ccc(-c2ccc3c(c2Cl)C(=O)N(S(=O)(=O)c2ccc(Cl)cc2)C3=O)cc1,0.5494
CC(=O)Nc1ccc(CNCc2ccc(NS(=O)(=O)c3ccc(C(C)(C)C)cc3)cc2)cc1,0.4901
Cc1nc(NC(=O)Nc2cc(C(C)(C)C)nn2C)sc1-c1ccc(S(C)(=O)=O)cc1,0.4927
COc1cc(C(C)(C)C)ccc1S(=O)(=O)Nc1c(Cl)csc1NC(=O)OCC(C)C,0.5000
COCC(C)(C#N)c1cnc(NS(=O)(=O)Cc2cc3c(cc2Cl)[nH]c(=O)n3Cc2cccc(Cl)c2)s1,0.5240
CC(C)(C)c1ccc(N2C(=O)C(=O)c3c2cccc3S(=O)(=O)c2ccc(N)cc2)cc1,0.5119
CC1(C)OC(=O)S(=O)(=O)c2c(NC(=O)Nc3c(Cl)cccc3Cl)ccc(C#N)c21,0.5794
O=c1[nH]c2c(Cl)ccc(S(=O)(=O)CCN3CCCC(O)C3)c2n1Cc1ccc(C(F)(F)F)cc1Cl,0.5417
CC(C)(C)c1ccc(S(=O)(=O)c2ccccc2NS(=O)(=O)c2ccc(Cl)cc2)cc1,0.4539
CS(=O)(=O)c1ccc(-n2c(C(=O)O)cc3c2CC[C@H]3c2ccccc2)c(C#N)c1,0.5611
CC(C)n1cccc(S(=O)(=O)Nc2cc(Cl)c(Cl)cc2NS(=O)(=O)c2ccc(Cl)cc2)c1=O,0.4474
COc1ccc(S(=O)(=O)c2c3c(cn2-c2cnn(C)c2)C(=O)NC32C=CC=C2)cc1,0.6310
CC(C)(C)c1ccc(-c2ccc3c(c2)C(NS(=O)(=O)c2ccc(Cl)cc2)CC3)cc1,0.3973
CN(C)C(=O)Nc1ccc(NC(=O)c2cc(Cl)cnc2-c2ccc(C(C)(C)C)cc2)c(Cl)c1,0.4677
COC(=O)C(=O)Nc1ccc(Cl)cc1NS(=O)(=O)c1ccc(OC)cc1,0.4275
CC(C)(C)c1cc(-c2ccc(C(=O)O)cc2)n(-c2ccc(S(N)(=O)=O)cc2)n1,0.4401
COc1c(NS(=O)(=O)Nc2ccc3c(c2Cl)NC(=O)CO3)cccc1C(C)(C)C,0.4702
CC(C)(C)c1cc(Cl)c(Cl)cc1NS(=O)(=O)c1ccc(Cl)c(Cl)c1O,0.4882
Cc1nnn(-c2cccc(-n3c(C)cnc3NS(=O)(=O)c3ccc(Cl)c(C(C)(C)C)c3)c2)n1,0.5174
CC(C)c1noc(N2C(=O)c3cc(C(C)(C)C)c(CNC(=O)c4ccc(C#N)cc4)c(O)c3C2=O)n1,0.5426
CC(C)(C)S(=O)(=O)c1cc(C(=O)Nc2ccc(S(C)(=O)=O)c(Cl)c2)cc(C(F)(F)F)c1,0.4461
O=C(O)c1ccc(N(Cc2ccccc2)S(=O)(=O)c2cc(Cl)cc3c(=O)c23)cc1,0.4728
O=S(=O)(Nc1ccccc1Cl)Nc1ccc(Cl)c(Cl)c1Cl,0.2713
COc1c(S(=O)(=O)C(C)(C)C)cc2c(=O)n(Cc3nc(C(C)(C)C)no3)c(=O)[nH]c2c1Cl,0.5667
CC(C)(C)c1ccc(Cn2cnc3ccc(Cl)cc3c2=O)cc1,0.4299
CC(C)(C)c1cc(NC(=O)NC2C(=O)c3ccc(NC(=O)CC#N)c(Cl)c32)cc(C(=O)O)c1,0.5484
COC(=O)c1ccc(Cl)c(-n2c(=O)[nH]c3c(OC(C)(C)C)cccc3c2=O)c1,0.5068
Cc1cccc2c1-c1cccc(NC(=O)CNC(=O)c3ccc(NS(=O)(=O)c4cc[nH]n4)cc3)c1C2(C)C,0.5500
COc1cc(NC(C)=O)c(OC)c2c1C(=O)N(Cc1ccc(C#N)cc1)C2,0.4952
CC(C)c1ncc(C(=O)O)c(-c2ccc(Cl)cc2)c1-c1ccc(Cl)cc1,0.4127
CN(Cc1ccc(NS(=O)(=O)Cc2ccc(Cl)cc2)cc1)S(=O)(=O)c1ccc(Cl)c(Cl)c1,0.3888
O=S(=O)(c1ccc(Cl)c(Cl)c1)c1ccc2ncc(C(F)(F)F)nc2c1,0.3388
COC(=O)c1cccc(NS(=O)(=O)Nc2ccc(Cl)c(Cl)c2)c1O,0.3641
Cn1nccc1N1Cc2cc(C(C)(C)C)ccc2C(=O)Nc2cc(C(=O)O)ccc2C1=O,0.6312
CC(C)(O)C#Cc1cc(C(C)(C)C)cc2c1NC(=O)/C2=C\c1ccc2c(c1)OCO2,0.4575
CC(C)(C)c1cccc(NC(=O)c2ccc(Cl)cc2Cl)c1,0.3649
CC(C)(C)c1ccc(NS(=O)(=O)c2cc(C(F)(F)F)c(Cl)cc2Cl)cc1,0.4806
CC(C)(C)COc1c(Cl)cccc1-c1nnn(-c2nccc(C(=O)O)c2O)c1C(C)(C)O,0.5975
CC(C)(C)c1cccnc1C#Cc1cc(C#N)c2c(c1)[C@@H](O)N(c1ccc(Cl)cc1Cl)C2=O,0.5933
CC(C)(C)c1ccc(S(=O)(=O)N2CCc3ccc(-c4ccc(Cl)cc4)cc3C2=O)cc1,0.4910
Cc1nnc(C(C)(C)C)n1Cc1ccccc1S(N)(=O)=O,0.3321
CC(C)N(c1ncccc1C#N)S(=O)(=O)c1c(Cl)cccc1Cl,0.4839
CC(C)(C)c1cc(NC(=O)c2ccccc2)n(-c2ccc3c(c2)CCC[C@H]3O)n1,0.4959
CC(C)(C)c1ccc(NC(=O)NC(=O)c2c(Cl)cccc2CNS(=O)(=O)c2ccc(C(=O)O)cc2Cl)cc1,0.5440
CC(C)(C)c1ccc(S(=O)(=O)Nc2ccc(Cl)c(Cl)c2)c(-n2ncc3c2C(C)(C)C3=O)c1,0.6088
Cc1cccc(C)c1C(=O)Nc1cc(C(C)(C)C)ccc1NC(=O)c1cccc(S(N)(=O)=O)c1O,0.4977
COC(=O)c1c(Cl)c(NS(C)(=O)=O)n2c1-c1c(Cl)cc(C(C)(C)C)cc1CC2,0.6141
Cc1nn(-c2ccc(Cl)c(Cl)c2)c2c1CCN(C(=O)Nc1ccc(C(C)(C)C)cc1)C2,0.5070
CC(C)(C)c1cnn(-c2ccc3c(=O)[nH]c(=O)n(-c4ccccc4)c3c2)n1,0.4449
CN(C(=O)c1c(Cl)ccc(Cl)c1-c1cccc(C(C)(C)C)c1)c1cccc(NS(=O)(=O)CCN)c1,0.5361
CC(C)COc1cc(CN2CCOC2=O)ccc1NS(=O)(=O)c1ccc(Cl)c2cc(Cl)cnc12,0.5238
CNS(=O)(=O)c1c(S(=O)(=O)Nc2cc(C(C)(C)C)ccc2Cl)cc([C@H](C)CO)c(Cl)c1Cl,0.5246
Cn1cnc2c1CC(C(=O)Nc1c(Cl)ccc(NS(=O)(=O)c3ccc(C(C)(C)C)cc3)c1Cl)CCC2=O,0.5471
CC(C)(C)Oc1ccc2[nH]c(=O)n(-c3cccc(C#N)c3)c(=O)c2c1,0.4233
CC(C)(C)c1ccc2c(c1)Nc1c(NS(=O)(=O)c3ccc(C#N)cc3)cccc1S2(=O)=O,0.4869
CC(C)(C)c1cccc(NS(=O)(=O)c2ccc(C#N)cc2Cl)c1,0.4865
CC(C)(C)c1ccc2c(c1)C(=O)c1ccccc1S(=O)(=O)N2,0.5171
Cc1cccnc1N1C(=O)N(c2ccc(N(C)C)cc2)S(=O)(=O)c2ccc(Cl)cc21,0.5947
CS(=O)(=O)c1ccc(-n2c(=O)c3cc(Cl)c(Cl)cc3c3nc(C#N)cn3c2=O)cc1Cl,0.5321
C[C@H](NC(=O)C(N)CC(C)(C)C)c1cc(C(=O)NS(=O)(=O)c2cccc(Cl)c2)ccc1Cl,0.4459
C=C(C)c1cc(Cn2nc(Cl)c3c(Cl)ccnc32)c(Cl)cc1NC(=O)C=C(C)C,0.5412
CC(C)(C)c1ccc(Cl)cc1NS(=O)(=O)NC(=O)c1ccc(Cl)c(Cl)c1,0.4057
CCOc1ccc(C(C)(C)C)cc1NS(=O)(=O)c1ccc2[nH]c(=O)c3ccccc3c2c1,0.4728
CC(C)(C)c1cc2c(s1)S(=O)(=O)Nc1ccccc1C(NS(=O)(=O)c1ccc(Cl)cc1)C2=O,0.6188
CC(C)C(O)C(=O)Nc1ccc(Cl)cc1NS(=O)(=O)c1ccc(Cl)cc1,0.4090
CN(CCN(c1ccc(C(C)(C)C)cc1)S(=O)(=O)c1ccc(Cl)c2[nH]nnc12)C1CCOC1,0.5384
CC(C)N(C)S(=O)(=O)c1cccc(-n2cnc3cccnc32)c1OC(C)(C)CCNC(=O)CO,0.5203
CCC(CC(=O)O)C(=O)Nc1cc(NS(=O)(=O)c2ccc(C(C)(C)C)cc2O)ccc1Cl,0.4839
CC(C)(C)c1ccc(NC(=O)Nc2c(C(=O)O)cc(S(=O)(=O)c3ccccc3)c3nccn23)cc1,0.5450
O=C1c2ccccc2S(=O)(=O)c2cccc(Cl)c2C(=O)N1CC1CCOCC1,0.4822
O=c1cc(Cc2ccc(Cl)cc2)[nH][nH]1,0.1860
CC(C)c1ccc(-c2cc(Cl)c(Cl)cc2NC(=O)Nc2ccc(C(=O)O)cc2)cc1,0.3995
COc1cc2c(cc1CNS(=O)(=O)c1ccccc1)C(O)N(c1ccc(C(C)(C)C)cc1)C2,0.4830
O=C(O)c1cc(Cl)cc(NS(=O)(=O)c2csc(Cl)c2Cl)c1,0.4541
NS(=O)(=O)c1cc2[nH]c(=O)c(=O)[nH]c2cc1Cl,0.3207
COC(=O)C1CCCCN1S(=O)(=O)c1ccccc1S(=O)(=O)N(C)c1cc(NC(=O)OC(C)(C)C)ccc1Cl,0.5440
CC(C)(C)c1cccc(S(=O)(=O)Nc2ccc3c(c2Cl)C(Cc2ccccc2)NC3=O)c1,0.6279
CC(C)(C)c1ccc(C#N)c(NS(=O)(=O)c2cccc3c2[nH]c2c3cnn2O)c1,0.5474
CC(C)(C)c1ccc(NS(=O)(=O)Nc2ccccc2Cl)cc1,0.3251
COc1ccc(S(=O)(=O)Nc2c3c(cc(=O)n2Cc2ccc(C(C)(C)C)cc2)CC3)cc1Cl,0.5584
COc1ccc(S(=O)(=O)N(C)CS(=O)(=O)c2cccc(NS(=O)(=O)c3ccc(C(C)(C)C)c(Cl)c3)c2)c(Cl)c1,0.4851
O=C1NC(c2cccc(Cl)c2)(c2cccc(-c3ccccc3)c2)N1,0.2928
CN1C(=O)C(=O)c2cc(NS(=O)(=O)c3cnn(C(C)(C)C)c3Cl)c(Cl)cc21,0.5631
Cn1cnn(-c2cc(Cl)cc(NS(=O)(=O)c3ccc(C(C)(C)C)cc3)c2O)c1=O,0.5170
N#Cc1cccc(NS(=O)(=O)Nc2ccc(C(F)(F)F)c(Cl)c2)c1,0.3139
O=C(C1C(=O)N(c2cc(Cl)c(Cl)cc2Cl)C(=O)c2ccc(Cl)cc21)N1CC[C@@H](O)C1,0.5993
CN=C1c2cc(Cl)c(C(C)(C)C)cc2NC(=O)C1NC(=O)c1ccc(Br)cc1,0.5173
N#Cc1ccc(S(=O)(=O)Nc2c(Cl)ccc(S(=O)(=O)c3ccc(Cl)cc3)c2C(=O)O)cc1,0.5506
CC(C)(C)c1csc(NS(=O)(=O)Nc2cc3c(cc2Cl)C(=O)C(=O)N3)n1,0.4909
CN(C)S(=O)(=O)Nc1ccc(NC(=O)N(CC(=O)O)c2ccc(C(C)(C)C)cc2)cc1,0.3489
CN(C)c1ccc2c(c1)OCCOc1ccc(S(=O)(=O)c3ccc(Cl)cc3)cc1NS2(=O)=O,0.4768
CC(C)(C)c1ccc(NS(=O)(=O)c2ccc(Cl)cc2Cl)cc1,0.4760
CC(C)(C)c1ccc(NCc2nc(C(C)(C)C)no2)c(NS(=O)(=O)c2ccccc2Cl)c1,0.4715
COc1cccc(CCNC(=O)C2C(=O)Nc3c(ccc(Cl)c3Cl)N2Cc2ccc(C(C)(C)C)cc2Cl)c1,0.5422
COc1cc(C(C)(C)C)cc(S(=O)(=O)Nc2ccccc2NS(=O)(=O)c2ccc(Cl)c(Cl)c2Cl)c1,0.4536
Cc1cc(N2CCN(c3cc(Cl)c(Cl)c(Cl)c3)C2=O)ccc1O,0.3329
COc1ccc(Nc2nn(C(C)(C)C)cc2C(=O)Nc2ccc(OC(C)(C)C)cc2)cc1S(C)(=O)=O,0.4823
Cc1nc2c(s1)c(=O)n(-c1ccccc1N(C)C)c(=O)n2-c1ccc(C(C)(C)C)cc1,0.5511
CC(C)(C)c1ccc(S(=O)(=O)Nc2ccc3c(c2)oc(=O)c2c(=O)[nH]c4ccccc4c23)cc1,0.4712
CC(C)(C)c1ccc(N2CCS(=O)(=O)Nc3ccc(C#N)cc3C(C)(C)C2=O)cc1,0.4657
Cc1ncccc1N1C(=O)c2ccc(C(=O)O)c(Nc3ccc(C(C)(C)C)cc3)c2C1=O,0.6894
COC(=O)c1cccc(S(=O)(=O)NC(=O)c2cccc(C(C)(C)C)c2)c1-c1ccccc1O,0.4957
Cc1c(C(C)(C)C)noc1NS(=O)(=O)c1c(C(=O)NCCOc2cccc(Cl)c2)cnn1C,0.5453
COc1ccc(S(=O)(=O)c2ccccc2NC(=O)C2C(=O)c3cc(Cl)c(C(C)(C)C)cc32)cc1,0.5135
CC(C)(C)c1ccc(S(=O)(=O)Nc2ccc3c(c2)C(=O)N(c2ccc(C#N)cc2)CC3(C)C)c(Cl)c1,0.6435
CC(C)(C)C(=O)Nc1ccccc1NS(=O)(=O)c1ccc(Cl)cc1Cl,0.4015
CC(C)(C)COc1c(NS(=O)(=O)c2cc(Cl)ccc2NS(=O)(=O)c2ccccc2)cccc1S(C)(=O)=O,0.4876
CC(=NC(=O)C1CCCN1S(=O)(=O)c1ccccc1Cl)C(=O)N1CCc2cc(C(C)(C)C)ccc21,0.5565
CC(C)(C)c1ccc(S(=O)(=O)c2cccc(Cn3c(=O)[nH]c4nccn4c(=O)c3=O)c2)cc1,0.4172
CN(C)Cc1cccc(NS(=O)(=O)c2ccc(C(C)(C)C)cc2Cl)c1,0.4867
CC(C)(C)Oc1ccc2c(c1)S(=O)(=O)C2(C)c1ccc(S(=O)(=O)NCCO)cc1Cl,0.5282
CC(C)Cc1ccc(C(=O)Nc2cccc(NS(=O)(=O)c3cc(Cl)ccc3Cl)c2)cc1,0.4675
CC(C)(C)c1ccc(S(=O)(=O)Nc2ccc(-c3cccc(C#N)c3O)c(Cl)c2Cl)cc1,0.5465
O=C1c2ccncc2C(=O)N1c1ccc(S(=O)(=O)Nc2cccc(Cl)c2)c(Cl)c1,0.5990
CN1CCN(c2ccc(Cl)c(NS(=O)(=O)c3ccc(C(C)(C)C)cc3)c2)CC1,0.4958
N#Cc1ccn2c1NCC(c1ccccc1)C(=Nc1ccc(Cl)c(Cl)c1)C2=O,0.5303
CC(C)(C)c1c[nH]c(C(=O)Nc2cccc(S(C)(=O)=O)c2)n1,0.3154
COc1c(NS(=O)(=O)c2cccc(Cl)c2)cc(Cl)c2c1C2C(=O)Cc1nc2c(o1)CCC2(C)C,0.6134
CC(C)(C)c1ccc(NS(=O)(=O)c2c[nH]c3ccc(C(=O)O)c(O)c3c2=O)cc1,0.5041
CN(C)S(=O)(=O)N1CCc2c(CN(c3cc(Cl)cc(Cl)c3)S(C)(=O)=O)cccc21,0.5076
O=c1c(S(=O)(=O)Nc2ccc(-c3nc[nH]n3)cc2)c(Cl)cc(Cl)n1Cc1ccc(Cl)cc1,0.5242
CC(C)(C)c1ccc2c(c1)N(S(=O)(=O)c1ccc(S(N)(=O)=O)cc1)CC2,0.4829
CC(C)(C)c1ccc(C#Cc2c(O)c(N/C=C/C(=O)O)cc(Cl)c2S(C)(=O)=O)cc1,0.4525
CC(C)(C)OC(=O)Nc1ccc(NS(=O)(=O)c2ccc(C(F)(F)F)cc2)cc1,0.4458
N#Cc1cnc(Nc2ccc(C(=O)O)cc2)c(-c2ccc(Cl)cc2)c1,0.3652
CC(C)(C)c1ccc(COc2nccc3cc(O)n(Cc4ccc(C(C)(C)C)cc4)c23)cc1,0.4595
COC(=O)c1ccc(NS(=O)(=O)c2ccc(C(C)(C)C)cc2)c(C#N)c1,0.4987
CC(C)c1cc(S(=O)(=O)Nc2ccc(Cl)c(CNC(=O)CN(C)C)c2O)c(Cl)c(Cl)c1Cl,0.5472
CC(C)c1c(Cl)cc2c(c1S(=O)(=O)c1ccc(C(C)(C)C)cc1)CCC(=O)NS(=O)(=O)C2,0.4949
COc1ccc(C(=O)N[C@H]2CN(S(=O)(=O)c3ccc(C#N)cc3)CC[C@H]2NC(C)=O)c(Cl)c1,0.4863
CC(=O)Nc1c(Cl)c(-c2nn[nH]n2)cc2c1CN2C(=O)Nc1ccc(Cl)c(Cl)c1,0.5292
CC(=O)OCc1sc(S(=O)(=O)Nc2cc(-c3ccc(Cl)cc3)n[nH]2)cc1C(C)(C)C,0.5058
COc1cc(Cl)c(Cl)cc1NS(=O)(=O)Nc1c(-c2ncnn2C)cccc1S(=O)(=O)c1ccc(C(C)(C)C)cc1,0.5457
O=C1c2c(NS(=O)(=O)NC3CCCCC3)cccc2C1(c1ccccc1)c1ccc(Cl)cc1Cl,0.5301
CC(C)NS(=O)(=O)c1ccc(Cl)c(-c2ncccc2NC(=O)C(C)(C)C)c1,0.4786
CC(C)(C)Oc1ccc(CN2C(=O)c3c(cccc3C(F)(F)F)NC(=O)CNC(=O)c3ccccc32)cc1,0.5630
NS(=O)(=O)c1ccc(S(=O)(=O)c2cc(Cl)c3c(c2)C(=O)C(=O)N3)cc1,0.4720
COc1cccc(NS(=O)(=O)c2ccc(Cl)c(NCC(=O)N[C@@H]3CCc4cc(C(F)(F)F)ccc43)c2O)c1Cl,0.5531
CC(C)(C)c1ccc(NC(=O)c2ccc3c(c2)N(c2cccc(C#N)c2)C3=O)cc1,0.4175
CC(C)(C)c1nc(N)nc(Nc2ccc(Cl)cc2Cl)n1,0.2311
CC1C(=O)Nc2cc(-c3ncccc3C#N)ccc2[C@@H]1NS(=O)(=O)c1ccc(Cl)cc1Cl,0.5511
CC(C)CN1CCc2[nH]c3c(NC(=O)OC(C)(C)C)c(Cl)c(CO)c(Cl)c3c2S1(=O)=O,0.6239
CN1CCC(N2C(c3ccc(Cl)cc3)c3cc([N+](=O)[O-])c(Cl)cc3S2(=O)=O)CC1,0.5391
CN(C(=O)C#Cc1ccc(N(Cc2ccncc2)S(C)(=O)=O)c(Cl)c1)c1cc(C(C)(C)C)nn1C,0.5491
Cc1cccc(O)c1-n1nc(-c2ccncc2Cl)cc1-c1ccc(C(C)(C)C)cc1,0.4707
COc1cccc(Cn2c3ncccc3c(=O)n2C(=O)c2cc(Cl)c(Cl)c(Cl)c2)c1,0.5159
CC(C)(C)c1ccc2c(c1)S(=O)(=O)c1ccccc1N2CCC(=O)N1Cc2cc(S(N)(=O)=O)ccc21,0.5307
CC(C)(C)Oc1ccc(NC(=O)c2cccc3c2C(=O)N(Cc2ncccc2C#N)C3=O)cc1,0.5525
COc1cc(C(C)(C)C)ccc1NC(=O)Nc1ccc(Cl)c2c1C(C)(C)N(c1ccc(C(=O)O)cc1)C2=O,0.6783
O=S(=O)(Nc1nc(CO)cs1)c1cc2ccccc2s1,0.3644
CC1C(=O)N(c2ccc(C(=O)O)cc2)c2cccc(OC(C)(C)C)c2N1S(=O)(=O)c1ccc(Cl)cc1,0.5963
CCOC(=O)c1cccnc1Nc1cccc(S(=O)(=O)OCC)c1,0.3775
CCC(C)(C)c1ccc(C(=O)Nc2ccccc2C(=O)O)cc1,0.3563
COc1ccc(CO)cc1S(=O)(=O)Nc1cc(Cl)ccc1C(=O)c1ccccc1,0.4904
O=C1c2cc(Cl)c(-c3ccc(Cl)cc3)cc2N(Cc2ccc(Cl)c(Cl)c2)S1(=O)=O,0.5389
CNS(=O)(=O)c1ccccc1NC(=O)Nc1cccc(C(F)(F)F)c1,0.3375
CC(NS(C)(=O)=O)c1cn(CCO)nc1-c1cc(Cl)c2c(c1)C[C@H]2Nc1ccc(C(C)(C)C)cc1,0.5665
CC(C)(C)N(c1ccc2[nH]c(=O)ccc2c1O)S(=O)(=O)c1cc(Cl)ccc1Cl,0.5108
CN(C)c1ccc(S(=O)(=O)Nc2ccc(-c3ccc(C(C)(C)C)cc3)cc2C(=O)O)cc1,0.4884
CC(C)(C)c1cccc(N(CCC(=O)NCc2ccc3c(c2)NC(=O)C3(C)C)c2ccccc2)c1,0.3859
CC(=O)Nc1ccc(S(=O)(=O)Nc2cc(Cl)c3c(c2)CCN(C)C3=O)cc1,0.6094
Cc1ccnc(-c2ccccc2NS(=O)(=O)c2cc(C(C)(C)C)no2)c1C#N,0.6166
CC(C)(C)c1ccc(C[C@@H](NS(=O)(=O)C(C)(C)C)c2c(Cl)ccc3c2-c2ccc(N)nc2C3=O)cc1,0.5805
COc1cc(Cl)ccc1S(=O)(=O)N1C(=O)C(N2Cc3ccccc3S2(=O)=O)Cc2ccccc21,0.6387
COc1ccc(NS(=O)(=O)c2cc(Cl)c(Cl)cc2C(=O)NCc2cc3c(cc2C#N)C(=O)NC3)cc1,0.5492
CC(C)(C)c1ccc(-n2c(=O)[nH]c3cc(NS(C)(=O)=O)c(Cl)cc32)cc1Cl,0.4786
CC(C)(C)S(=O)(=O)c1ccc(S(=O)(=O)n2ccc3c(Cl)c(Cl)ccc32)cc1,0.3742
CN1C(=O)N(Cc2ccc(OCCS(C)(=O)=O)cc2)C(C)(C)c2cc(-n3cc(C(C)(C)C)nn3)cc(Cl)c21,0.5776
CN(c1ccc(C(C)(C)C)cc1)c1ccc2c(c1Cl)C(=O)N(C1CCCC1)C(=O)C2C=O,0.5798
O=S(=O)(NCc1ccc(Cl)cc1Cl)Nc1ccc(Cl)cc1C(F)(F)F,0.3732
C[C@H](NCC(=O)N(Cc1ccc(C#N)cc1)c1cccc(C(F)(F)F)c1)c1ccc(C#N)cc1,0.3920
CC(=O)c1ccc(NS(=O)(=O)c2cccc3c2C[C@H](NC(=O)OC(C)(C)C)[C@H]3O)cc1Cl,0.5314
O=c1cc(-c2nc3ccccc3c(=O)n2Cc2ccccc2)cc[nH]1,0.4116
CC(C)(C)c1ccc(C(=O)NC2COc3c(-c4ccc(C(C)(C)C)cc4)ccc(Cl)c3C(=O)C2)cc1,0.4853
COc1ccc(NS(=O)(=O)c2ccccc2Cl)cc1-c1cc(Cl)c(C(C)(C)C)cc1C(=O)O,0.5291
CC(C)(C)c1cccc(CN2C(=O)C(=O)c3sc(NS(=O)(=O)c4ccc(Cl)c(Cl)c4)cc32)c1,0.6148
Cc1ccc(NS(=O)(=O)c2cccc(N)c2)n1-c1ccc(OC(C)(C)C)cc1,0.4262
N#Cc1ccc(S(=O)(=O)Nc2ccc(Cl)c(Cl)c2)cc1,0.4957
Cn1cc(-c2ccc(N3C(=O)c4ccccc4CC(=O)Nc4ccc(C#N)c(O)c43)cc2)cn1,0.5325
CC(C)(C)c1ccc(-c2ccc3c(c2)NCc2onc(C(=O)O)c2C(C)(C)C3=O)cc1,0.5332
CC(C)(C)c1ccc2c(c1)S(=O)(=O)Nc1cccc3cc(sc13)C(=O)C(=O)N2,0.5403
COC(=O)c1cc(Cl)cc(CN[C@@H]2CC23Oc2ccc(C(=O)C(C)(C)C)cc2C3=O)c1,0.4882
COc1ccc(CC2NC(=O)c3cc(C(C)(C)C)cc(Cl)c3N(Cc3cccnc3)C2=O)cc1,0.6065
Cn1ncc(C(=O)Nc2cnoc2C(C)(C)C)c1NS(=O)(=O)c1cc(Cl)c(Cl)s1,0.5529
CC(C)(C)c1ccc(Cl)cc1-c1nccnc1NS(=O)(=O)c1ccc(Cl)cc1,0.5968
CC(C)(C)c1c(NS(=O)(=O)Nc2ccc(Cl)cc2)ccc2[nH]c(=O)oc12,0.4582
CN1c2cc(C3CC3C(=O)O)ccc2C(Nc2c(C#N)cccc2S(=O)(=O)Nc2ccc(Cl)cc2Cl)C1C=O,0.6154
Cc1nc(NS(=O)(=O)c2ccc(C(C)(C)C)cc2Cl)sc1-c1nn[nH]n1,0.4572
CC(C)(C)c1ccc2c(cc3n2S(=O)(=O)N(c2cccc(Cl)c2Cl)C3=O)c1N,0.6251
O=C1c2c(Cl)cc(Cl)cc2Nc2ccsc2N1Cc1occc1S(=O)(=O)c1ccc(Cl)cc1Cl,0.6421
Cc1nnc(-c2ccc3c(c2)C(=O)N(c2ccc(C(C)(C)C)cc2)C3(C)C)n1C,0.5550
COC(=O)Nc1ccc(C(C)(C)C)cc1NS(=O)(=O)c1ccc(Cl)cc1,0.4499
CCCCC(=O)Nc1cc(C(=O)O)c(OC)cc1CNS(=O)(=O)c1ccc(C(C)(C)C)cc1,0.4952
Cn1ncc2c1-c1c(Cl)ccc(C(=O)Nc3ccc(S(=O)(=O)N4CCOCC4)cc3Cl)c1C2,0.6069
O=C1C2CCCCC2N=C(c2cc(Cl)ccc2S(=O)(=O)Nc2ccc(Cl)cc2)N1O,0.5622
CC(C)(C)Oc1ccc(-n2ncc3c2NS(=O)(=O)c2cc(C#N)c(Cl)cc2-3)cc1,0.5562
COc1ccc(C(=O)NC2c3ccccc3S(=O)(=O)c3cc(OC)c(C#N)cc32)cc1,0.4528
CCS(=O)(=O)N[SH](C)(=O)Nc1ccc(CC(=NO)c2cccc(Cl)c2Cl)cc1,0.3795
CC(C)(C)COc1c(Cl)ccc2c1CN(Cc1ccc(S(N)(=O)=O)cc1)C2=O,0.5066
COc1c(Cn2cc(C(C)(C)C)cn2)c(Cl)cc2c1N(C(=O)c1ccccc1Cl)CCC(=O)N2,0.6140
NS(=O)(=O)c1ccc(N2C(=O)CCc3ccc(Cl)cc32)cc1,0.3886
COc1cc2c(s1)C(c1cccc3nc(C(C)(C)C)nn13)C(=O)N2c1ccc(Cl)cc1,0.6347
CN(C)C/C=C/[C@H]1CC[C@H](N2C(=O)C(C)(C)c3c(ccc4ccccc34)S2(=O)=O)C1,0.5242
COc1ccc2c(c1)n(S(=O)(=O)c1ccc(C(C)(C)C)cc1)c(=O)n2-c1ccc(F)cc1,0.5499
O=C(O)Cc1ccc2c(c1)CC[C@H]2NS(=O)(=O)c1ccc(Cl)c(C(F)(F)F)c1,0.4439
Cn1c2cc(Cl)c(Cl)cc2c2[nH]c(=O)n(Cc3ccc(C(C)(C)C)cc3)c(=O)c21,0.5101
COc1ccc(Cl)c(Nc2ncc3cc(C(C)(C)C)c(O)c(NC(C)=O)c3n2)c1Cl,0.5113
CCCCCc1cc(NS(=O)(=O)c2ccccc2OC)ccc1OCC(C)(C)C,0.4344
COc1ccc2c(c1)S(=O)(=O)c1ccccc1N2c1noc(C(C)(C)C)n1,0.4400
CC(=O)N1CCc2ccc(C(=O)O)cc2C1c1ccc(C(C)(C)C)cc1,0.3992
Cc1cn(C)nc1-c1cc(S(=O)(=O)Nc2ccc3c(c2)C(=O)N(C)C3)ccc1Cl,0.5863
CN(c1cccc(C2=NNC(=O)C2)c1)S(=O)(=O)c1ccc(C(C)(C)C)cc1,0.4654
COc1ccc(N(c2ncccc2Br)S(=O)(=O)c2ccc(Cl)cc2Cl)cc1,0.4817
COC(=O)c1ccc(NC(=O)c2ccc(NS(=O)(=O)Nc3cc(Cl)c(Cl)cc3Cl)cc2)cc1,0.3647
CC(=O)Nc1c(N(C)C)c(Cl)cc(C(=O)O)c1S(=O)(=O)NCc1cc(Cl)cc2c1OCC2=O,0.5938
COc1cc2c(c(O)c1-c1ccc(C(C)(C)C)cc1)C(NS(=O)(=O)c1ccc(Cl)cc1)C2=O,0.5381
CCCCc1nc(Nc2cccc3c2OCCO3)c(C(=O)O)c(OCC)n1,0.4798
CC(C)(C)NC(=O)c1ccc(NC2=C(c3ccc(C(C)(C)C)cc3)C(=O)NC2=O)cc1Cl,0.4807
Cc1nnc(-c2cc3ncn(S(=O)(=O)N(C)C)c3c(O)c2CC(C)(C)C)o1,0.5649
CC(C)c1cc(Cl)c(Cl)cc1NS(=O)(=O)c1ccc2c(c1)COC2=O,0.5173
CC(C)Oc1ccc(CN2C(=O)c3cc(S(=O)(=O)C(C)(C)C)c(Cl)c(Cl)c3C2=O)cc1,0.5575
CCCC[C@H](CO)NS(=O)(=O)n1ccc(-c2ccc(NC(=O)C#N)cc2)c1C,0.3879
CC(C)(C)c1cccc(N2CCC(=O)N(c3ccc(Cl)c(C#N)c3Cl)C2=O)c1O,0.4977
CC(C)(C)c1ccc2c(c1)NS(=O)(=O)Nc1nonc1-c1cccc3c1C(=O)C3NC2=O,0.6263
CC(C)(C)c1cccc(S(=O)(=O)Nc2ccc(C#N)c3c2C(=O)c2cccnc2-3)c1,0.6050
Cc1cc(N2Cc3cc(-c4ccc(C(C)(C)C)cc4)c(Cl)c(Cl)c3C2=O)ccc1Cl,0.6209
O=C(c1cccnc1Nc1cccc(Cl)c1)N1CC[C@@H](O)C1,0.4089
CN(C)S(=O)(=O)c1ccc(C(C)(C)C)n1Cc1ccc2[nH]c(=O)n(Cc3ccco3)c2c1,0.5259
Cc1ncccc1-c1cc2c(cc1C(=O)OC(C)C)C(=O)N(c1ccc(C(C)(C)C)cc1)C2=O,0.5786
CC(C)(C)c1ccc(NS(=O)(=O)c2ccc(C(=O)N3CCOCC3(C)C)cc2Cl)cc1,0.5152
CC(C)(C)c1ccc(NS(=O)(=O)NC(=O)c2cccc(-c3cccnc3)c2)cc1,0.3978
CC(C)(C)c1ccc(S(=O)(=O)Nc2[nH]nc(-c3ccccc3)c2S(=O)(=O)c2ccc(Cl)cc2)cc1,0.5385
CC(C)Oc1ccc2c(c1)CN(c1ccc(-c3nn[nH]n3)cc1)C(=O)C2=O,0.4959
CC(NC(=O)n1cc2c(c1)C(=O)N(c1ccc(C(F)(F)F)cc1)C2=O)c1ccccc1,0.5043
COc1cc(N2CCc3c(c(-c4ccncc4)nn3C)C2=O)cc(C(C)(C)C)c1,0.5792
CC(C)(C)c1ccc2c(c1)C=C[C@H]1C[C@H](CCOC(=O)c3ccccc3S(=O)(=O)NC3C(=O)c4cccc(Cl)c4C3=O)N21,0.6007
COc1ccc(CN(C)c2ccc(Cl)c(Cl)c2)cc1,0.2753
CC(C)CN1c2cc(NC(C)C)ccc2S(=O)(=O)c2cc(C(F)(F)F)ccc2-c2ncn(C)c21,0.6148
CCOC(=O)c1c(C#N)cc(Cl)c(-c2ccc(S(=O)(=O)NC(=O)C(C)(C)C)cc2)c1O,0.4824
CC(C)(C)c1nc(-c2ccc(NC(=O)c3cccc(Cl)c3Cl)c(S(=O)(=O)NCCCC(=O)O)c2)no1,0.5347
COC(=O)Nc1cccc2c1CC(=O)N2c1cc(NS(=O)(=O)c2ccc(C(C)(C)C)cc2)ccc1Cl,0.5297
CCC1c2ccccc2[C@@H](CNc2ccc(C(F)(F)F)cc2Cl)c2cc(Cl)ccc2NS1(=O)=O,0.5246
CC(C)N1N=C(c2ccc(C(C)(C)C)cc2)C(=O)C1NS(=O)(=O)c1ccc(Cl)cc1,0.4983
COc1cc2c(cc1C#N)CCN2S(=O)(=O)c1cc(C(=O)N(C)C)cs1,0.5607
CCS(=O)(=O)Nc1cc(NS(=O)(=O)c2cccnc2-c2cn(C)cn2)c(Cl)cc1Cl,0.4870
COc1ccc(S(=O)(=O)Nc2ccccc2S(=O)(=O)Nc2ccc(Cl)c(C(F)(F)F)c2)cc1,0.4584
CC(C)(C)c1ccc(S(=O)(=O)Nc2c(C#N)cc(Cl)cc2C(C)(C)C)cc1,0.5113
Cn1c(C#N)cc(Cl)c1N=NS(=O)(=O)c1ccc(Cl)c(C(C)(C)C)c1,0.4441
CC1(C)C(=O)c2cc(NC(=O)Nc3nnc(-c4ccc(Cl)cc4)o3)ccc21,0.4577
CC(C)(C)c1cc(S(=O)(=O)NC2C(=O)Nc3cc(C(=O)O)cc(-c4ccc(C5(C)CC5)cc4)c32)no1,0.5871
CC(C)(C)c1ccc(-c2cccc(C(=O)NS(=O)(=O)c3cccc(C#N)c3)c2)cc1,0.3924
Cc1ccc(S(=O)(=O)NC2Cc3cc(Cl)cc(NS(=O)(=O)C(C)(C)C)c3C2=O)cc1,0.5473
CCCc1c(Cl)c2c(n1Cc1ccc(C#N)cc1)C(O)[C@@H](NC(=O)C(C)C)CC2,0.5438
C[C@@H](NC(=O)c1ccc(C(C)(C)C)o1)c1c2c(=O)[nH]c3c(Cl)c(Cl)ccc3c2nn1CCCO,0.5772
CC(C)(C)c1ccc2c(c1)N(C(=O)c1ccccc1)C2S(=O)(=O)Nc1ccc(Cl)cc1,0.5743
COc1ccncc1CN1Cc2cc(Cl)c(S(=O)(=O)c3ccc(C(C)(C)C)o3)cc2C1=O,0.5477
CNS(=O)(=O)c1cc(N2CCN(C(=O)c3cccnc3)CC2)ccc1-n1ccc(C(C)(C)C)n1,0.5110
CC(C)(C)C1=NOC12c1ccc(-c3ccncc3)cc1NS(=O)(=O)C(C)(C)C2(C)C,0.5983
CC(C)CNS(=O)(=O)c1cc(N2C(=O)c3ccc(Cl)c(-c4ccc(N(C)C)cc4)c3C2=O)ccc1C#N,0.6070
CC(C)(C)NS(=O)(=O)n1c(Cl)c(Cl)c2ccc3c(c21)C(=O)NC3=O,0.5622
CC(C)(C)Oc1ccc(S(=O)(=O)Nc2sc(Cl)cc2N2C(=O)c3ccc(Cl)cc3C2=O)cc1,0.6286
N#Cc1cccnc1Nc1cccc(S(=O)(=O)c2ccccc2)c1,0.3100
COC(=O)c1ccc(CC2NC(=O)c3cc(S(=O)(=O)c4ccc(Cl)c(NC(=O)OC(C)(C)C)c4)ccc3C2=O)cc1,0.5353
CC(C)c1cc2c(cc1Cl)C(O)N(c1ccc(S(=O)(=O)N(C)Cc3ccco3)cc1)S2(=O)=O,0.5784
CC(C)(C)c1cc(S(=O)(=O)Nc2c(C#N)cccc2C(=O)NCc2ccc(C(F)(F)F)cc2)no1,0.5822
CC1(C)c2ccccc2C(=O)N1Cc1cccnc1-c1ccc(S(N)(=O)=O)cc1C#N,0.5547
CC(C)(C)C(C)(C)COc1ccc(NC(=O)Nc2c(Cl)cc(-c3cccc(S(C)(=O)=O)c3)cc2C(=O)O)cc1,0.4739
COc1cc(S(=O)(=O)N2CCN(Cc3cc4c(cc3CO)OC4)CC2)ccc1C(C)(C)C,0.4464
CC(C)(C)c1ccc(S(=O)(=O)NC(=O)c2c(Cl)cccc2C#Cc2ccc(=O)[nH]c2)cc1Cl,0.5111
CC1(C)Oc2c(Cl)ccc(C(=O)c3ccccc3)c2NC1=O,0.4649
Cc1[nH]cnc1C(=NC#N)c1cccc2c1CC[C@@H](COc1cc(S(=O)(=O)N(C)C)ccc1Cl)N2,0.5473
CN1CC(S(=O)(=O)c2cc(Cl)c(C(C)(C)C)c(NC(=O)c3ccc(C(C)(C)C)cc3)c2)CC1=O,0.5374
CC(C)(C)c1cc(Cl)cc2c(NS(=O)(=O)C3(CO)CC3)[nH]nc12,0.4412
CC(C)(C)OCC(=O)Nc1ccc(NS(=O)(=O)c2ccc(S(C)(=O)=O)cc2)cc1Cl,0.4048
Cc1ccccc1NC(=O)c1cc2c(cc1Cl)C(=O)N(c1ccc(N(C)C)cc1)C2=O,0.5661
CC(C)(C)S(=O)(=O)c1cc(Cl)cc(Cl)c1NC(=NCC#N)c1ccc(Cl)cc1,0.4197
CNS(=O)(=O)c1ccc2c(c1)n(C(=O)c1ccccc1)c(=O)n2-c1cccc(C(C)(C)C)c1,0.5476
